"","x"
"1","0610009B22Rik"
"2","0610012G03Rik"
"3","1110032A03Rik"
"4","1110065P20Rik"
"5","1190007I07Rik"
"6","1500011B03Rik"
"7","1600012H06Rik"
"8","1600014C10Rik"
"9","1700001L19Rik"
"10","1700010I14Rik"
"11","1700013H16Rik"
"12","1700028K03Rik"
"13","1700029J07Rik"
"14","1700088E04Rik"
"15","1700123O20Rik"
"16","1810013L24Rik"
"17","1810065E05Rik"
"18","2200002D01Rik"
"19","2210016F16Rik"
"20","2210016L21Rik"
"21","2310022A10Rik"
"22","2310022B05Rik"
"23","2310033P09Rik"
"24","2310039H08Rik"
"25","2510002D24Rik"
"26","2610318N02Rik"
"27","3110040N11Rik"
"28","4930447C04Rik"
"29","4930469K13Rik"
"30","4930503L19Rik"
"31","4930523C07Rik"
"32","4930550C14Rik"
"33","4930563E22Rik"
"34","4931414P19Rik"
"35","4933434E20Rik"
"36","5430403G16Rik"
"37","5730409E04Rik"
"38","6030468B19Rik"
"39","6720489N17Rik"
"40","8030474K03Rik"
"41","9030025P20Rik"
"42","9130023H24Rik"
"43","9930021J03Rik"
"44","A130010J15Rik"
"45","A1bg"
"46","A430033K04Rik"
"47","A630089N07Rik"
"48","Aamdc"
"49","Abca9"
"50","Abcb1a"
"51","Abcb7"
"52","Abcc10"
"53","Abcc3"
"54","Abcd1"
"55","Abcg1"
"56","Abcg4"
"57","Abhd14b"
"58","Abhd3"
"59","Abhd8"
"60","Abi3"
"61","Abi3bp"
"62","Abl1"
"63","Ablim1"
"64","Ablim2"
"65","Abr"
"66","Abraxas1"
"67","Abtb1"
"68","Acad8"
"69","Acadm"
"70","Acap3"
"71","Acat1"
"72","Acat2"
"73","Acat3"
"74","Ace2"
"75","Acer3"
"76","Acot11"
"77","Acot13"
"78","Acot7"
"79","Acox3"
"80","Acp5"
"81","Acsf2"
"82","Acsl5"
"83","Acsm3"
"84","Acss1"
"85","Acta1"
"86","Acta2"
"87","Actc1"
"88","Actg2"
"89","Actn1"
"90","Actn3"
"91","Actr6"
"92","Acvr1b"
"93","Acy3"
"94","Acyp1"
"95","Acyp2"
"96","Adad1"
"97","Adam15"
"98","Adam19"
"99","Adam22"
"100","Adam8"
"101","Adamts1"
"102","Adamts12"
"103","Adamts15"
"104","Adamts18"
"105","Adamts19"
"106","Adamts7"
"107","Adamts8"
"108","Adamtsl1"
"109","Adap2"
"110","Adar"
"111","Adarb1"
"112","Adat2"
"113","Adck2"
"114","Adck5"
"115","Adcy10"
"116","Adcy3"
"117","Adcy6"
"118","Add2"
"119","Add3"
"120","Adgra2"
"121","Adgre1"
"122","Adgrf5"
"123","Adgrg2"
"124","Adgrl1"
"125","Adgrl3"
"126","Adk"
"127","Adm"
"128","Adora2a"
"129","Adprm"
"130","Adra1d"
"131","Adra2b"
"132","Adrb2"
"133","Afap1l1"
"134","Aff1"
"135","Aff3"
"136","Afmid"
"137","Aga"
"138","Agbl3"
"139","Agfg2"
"140","Agk"
"141","Ago2"
"142","Agpat1"
"143","Agtpbp1"
"144","Agtr1a"
"145","Agtr2"
"146","Ahdc1"
"147","AI987944"
"148","Aif1"
"149","Aifm2"
"150","Aig1"
"151","Aip"
"152","Ak7"
"153","Akap1"
"154","Akap17b"
"155","Akap7"
"156","Akap9"
"157","Akip1"
"158","Akna"
"159","Akr1b10"
"160","Akr1c13"
"161","Akr1c14"
"162","Akr1c18"
"163","Akr1c19"
"164","Akr1e1"
"165","Aktip"
"166","Alas2"
"167","Alcam"
"168","Aldh1a2"
"169","Aldh1a3"
"170","Aldh6a1"
"171","Aldoc"
"172","Alkbh5"
"173","Alkbh7"
"174","Alox5ap"
"175","Alyref"
"176","Alyref2"
"177","Amacr"
"178","Ambp"
"179","Ambra1"
"180","Amer2"
"181","Amhr2"
"182","Amigo2"
"183","Amph"
"184","Amt"
"185","Anapc13"
"186","Ang"
"187","Angel1"
"188","Angpt1"
"189","Angpt2"
"190","Angpt4"
"191","Angptl1"
"192","Angptl4"
"193","Angptl6"
"194","Angptl7"
"195","Ank1"
"196","Ank2"
"197","Ank3"
"198","Ankfy1"
"199","Ankmy1"
"200","Ankmy2"
"201","Ankra2"
"202","Ankrd12"
"203","Ankrd13d"
"204","Ankrd17"
"205","Ankrd26"
"206","Ankrd29"
"207","Ankrd31"
"208","Ankrd35"
"209","Ankrd45"
"210","Ankrd49"
"211","Ankrd54"
"212","Ano1"
"213","Anpep"
"214","Antxr1"
"215","Anxa1"
"216","Anxa2"
"217","Anxa3"
"218","Anxa4"
"219","Anxa6"
"220","Aox3"
"221","Ap1b1"
"222","Ap2m1"
"223","Ap5s1"
"224","Apbb1"
"225","Aph1b"
"226","Apip"
"227","Aplp1"
"228","Apobec1"
"229","Apoc1"
"230","Apoc4"
"231","Apol10b"
"232","Apold1"
"233","Apoo"
"234","Aptx"
"235","Aqp1"
"236","Aqp11"
"237","Aqp2"
"238","Aqp3"
"239","Aqp8"
"240","Arap1"
"241","Arap3"
"242","Arf5"
"243","Arfgap3"
"244","Arg1"
"245","Arhgap10"
"246","Arhgap26"
"247","Arhgap28"
"248","Arhgap29"
"249","Arhgap31"
"250","Arhgap42"
"251","Arhgap44"
"252","Arhgap45"
"253","Arhgap9"
"254","Arhgdib"
"255","Arhgef12"
"256","Arhgef16"
"257","Arhgef18"
"258","Arhgef5"
"259","Arhgef6"
"260","Arhgef9"
"261","Arid1b"
"262","Arid3a"
"263","Arid3b"
"264","Arid4a"
"265","Arid4b"
"266","Arl14ep"
"267","Arl16"
"268","Arl2"
"269","Arl3"
"270","Arl4c"
"271","Arl4d"
"272","Arl6ip1"
"273","Arl6ip5"
"274","Armcx1"
"275","Armcx6"
"276","Armh4"
"277","Arnt"
"278","Arpc2"
"279","Arrb1"
"280","Arrb2"
"281","Arrdc4"
"282","Arsg"
"283","Art4"
"284","Arx"
"285","As3mt"
"286","Asap3"
"287","Asb2"
"288","Asb4"
"289","Ascc1"
"290","Asic4"
"291","Asl"
"292","Asns"
"293","Asxl3"
"294","Atat1"
"295","Atf5"
"296","Atg4a"
"297","Atg4c"
"298","Atg5"
"299","Atl1"
"300","Atn1"
"301","Atoh8"
"302","Atosb"
"303","Atox1"
"304","Atp11c"
"305","Atp13a2"
"306","Atp13a3"
"307","Atp1b1"
"308","Atp2a3"
"309","Atp2b3"
"310","Atp5g1"
"311","Atp5k"
"312","Atp5l"
"313","Atp6ap1l"
"314","Atp6v1f"
"315","Atpif1"
"316","Atraid"
"317","Atrx"
"318","Atxn1"
"319","Atxn3"
"320","Atxn7l1"
"321","Atxn7l3"
"322","Atxn7l3b"
"323","Avpi1"
"324","Avpr1a"
"325","AW146154"
"326","AW551984"
"327","Axin1"
"328","Axin2"
"329","B230307C23Rik"
"330","B3gnt5"
"331","B3gnt7"
"332","B4galnt1"
"333","B4galt1"
"334","B4galt5"
"335","B4gat1"
"336","B9d1"
"337","B9d2"
"338","Babam2"
"339","Bace2"
"340","Bach1"
"341","Bad"
"342","Bag3"
"343","Bag6"
"344","Bahd1"
"345","Bak1"
"346","Bard1"
"347","Barx2"
"348","Basp1"
"349","Baz1a"
"350","Bbc3"
"351","Bbs4"
"352","Bbs5"
"353","BC004004"
"354","BC005537"
"355","BC024063"
"356","BC028528"
"357","BC029722"
"358","BC049715"
"359","BC051142"
"360","Bcam"
"361","Bcap31"
"362","Bcat1"
"363","Bcl11a"
"364","Bcl2"
"365","Bcl2l1"
"366","Bcl2l2"
"367","Bcl3"
"368","Bcl7a"
"369","Bcl9"
"370","Bcl9l"
"371","Bcor"
"372","Bcs1l"
"373","Bdh2"
"374","Becn1"
"375","Best1"
"376","Bhlhe41"
"377","Bicc1"
"378","Bicd2"
"379","Bicdl1"
"380","Bin2"
"381","Bloc1s4"
"382","Bltp2"
"383","Bmf"
"384","Bmp2k"
"385","Bmp4"
"386","Bmp5"
"387","Bmp7"
"388","Boc"
"389","Bod1"
"390","Bod1l"
"391","Bola1"
"392","Bola3"
"393","Borcs7"
"394","Bpgm"
"395","Bphl"
"396","Bpifb4"
"397","Bptf"
"398","Braf"
"399","Brd1"
"400","Brinp1"
"401","Brms1l"
"402","Brwd3"
"403","Bst2"
"404","Btbd10"
"405","Btbd11"
"406","Btbd2"
"407","Btbd6"
"408","Btbd7"
"409","Btc"
"410","Bves"
"411","C130074G19Rik"
"412","C1d"
"413","C1galt1c1"
"414","C1qa"
"415","C1qb"
"416","C1qc"
"417","C1qtnf3"
"418","C1qtnf4"
"419","C1ra"
"420","C1rl"
"421","C2"
"422","C2cd2"
"423","C2cd4b"
"424","C3ar1"
"425","C5ar1"
"426","C87436"
"427","C9orf72"
"428","Caap1"
"429","Cab39"
"430","Cabcoco1"
"431","Cables2"
"432","Cachd1"
"433","Cacna1d"
"434","Cacnb2"
"435","Cacng8"
"436","Calb1"
"437","Calcrl"
"438","Calm1"
"439","Calm2"
"440","Caly"
"441","Camk2g"
"442","Caml"
"443","Camta2"
"444","Capn1"
"445","Capn10"
"446","Capn5"
"447","Capn6"
"448","Capns1"
"449","Caprin2"
"450","Car11"
"451","Car2"
"452","Car3"
"453","Card19"
"454","Card9"
"455","Carmil3"
"456","Casc3"
"457","Casp12"
"458","Casp3"
"459","Casp6"
"460","Casp7"
"461","Cast"
"462","Castor2"
"463","Cav1"
"464","Cavin2"
"465","Cavin3"
"466","Cbarp"
"467","Cbfa2t3"
"468","Cbr1"
"469","Cbr3"
"470","Cbx6"
"471","Cc2d1b"
"472","Cc2d2a"
"473","Ccar2"
"474","Ccbe1"
"475","Ccdc106"
"476","Ccdc112"
"477","Ccdc122"
"478","Ccdc125"
"479","Ccdc136"
"480","Ccdc159"
"481","Ccdc166"
"482","Ccdc167"
"483","Ccdc17"
"484","Ccdc172"
"485","Ccdc181"
"486","Ccdc189"
"487","Ccdc28a"
"488","Ccdc28b"
"489","Ccdc30"
"490","Ccdc32"
"491","Ccdc40"
"492","Ccdc42"
"493","Ccdc50"
"494","Ccdc51"
"495","Ccdc61"
"496","Ccdc62"
"497","Ccdc69"
"498","Ccdc73"
"499","Ccdc85b"
"500","Ccdc85c"
"501","Ccdc88c"
"502","Cck"
"503","Ccl12"
"504","Ccl2"
"505","Ccl27a"
"506","Ccl3"
"507","Ccl4"
"508","Ccl6"
"509","Ccl7"
"510","Ccnb1ip1"
"511","Ccnb2"
"512","Ccnd1"
"513","Ccnd2"
"514","Ccnd3"
"515","Ccne1"
"516","Ccne2"
"517","Ccng2"
"518","Ccnh"
"519","Ccni"
"520","Ccnjl"
"521","Ccnq"
"522","Ccr1"
"523","Ccs"
"524","Cd14"
"525","Cd164l2"
"526","Cd1d1"
"527","Cd200"
"528","Cd248"
"529","Cd2ap"
"530","Cd34"
"531","Cd36"
"532","Cd44"
"533","Cd52"
"534","Cd53"
"535","Cd55"
"536","Cd59a"
"537","Cd63"
"538","Cd68"
"539","Cd82"
"540","Cd86"
"541","Cdadc1"
"542","Cdc14b"
"543","Cdc25b"
"544","Cdc26"
"545","Cdc34"
"546","Cdc42bpa"
"547","Cdc42bpb"
"548","Cdc42ep3"
"549","Cdc42ep5"
"550","Cdca7"
"551","Cdh10"
"552","Cdh11"
"553","Cdh18"
"554","Cdh24"
"555","Cdh6"
"556","Cdipt"
"557","Cdk14"
"558","Cdk16"
"559","Cdk5"
"560","Cdk6"
"561","Cdk7"
"562","Cdkl2"
"563","Cdkn1a"
"564","Cdkn1b"
"565","Cdkn3"
"566","Cdon"
"567","Cdx2"
"568","Cdyl2"
"569","Cebpb"
"570","Cebpzos"
"571","Cela1"
"572","Celf2"
"573","Celf3"
"574","Cenpb"
"575","Cenpx"
"576","Cep112"
"577","Cep131"
"578","Cep170"
"579","Cep19"
"580","Cers4"
"581","Ces2g"
"582","Cetn3"
"583","Cetn4"
"584","Cfap126"
"585","Cfap161"
"586","Cfap20"
"587","Cfap298"
"588","Cfap36"
"589","Cfap418"
"590","Cfap54"
"591","Cfh"
"592","Cflar"
"593","Cfp"
"594","Cga"
"595","Cgn"
"596","Chac2"
"597","Chchd1"
"598","Chchd6"
"599","Chd3"
"600","Chga"
"601","Chgb"
"602","Chit1"
"603","Chmp1b2"
"604","Chmp2a"
"605","Chn1"
"606","Chn2"
"607","Chodl"
"608","Chrac1"
"609","Chrdl2"
"610","Chrm4"
"611","Chst15"
"612","Chst4"
"613","Chsy1"
"614","Churc1"
"615","Cib1"
"616","Cib2"
"617","Cic"
"618","Cir1"
"619","Cisd1"
"620","Cisd2"
"621","Cisd3"
"622","Cit"
"623","Cklf"
"624","Clca3a1"
"625","Clcn6"
"626","Cldn13"
"627","Cldn15"
"628","Cldn18"
"629","Clec11a"
"630","Clec2l"
"631","Clec4a1"
"632","Clec4a2"
"633","Clec4a3"
"634","Clic1"
"635","Clic4"
"636","Clic6"
"637","Clint1"
"638","Clip2"
"639","Clip3"
"640","Clk2"
"641","Clmp"
"642","Cln3"
"643","Clstn3"
"644","Cluap1"
"645","Clybl"
"646","Cma1"
"647","Cmbl"
"648","Cmc4"
"649","Cmpk2"
"650","Cmtm3"
"651","Cnn1"
"652","Cnn2"
"653","Cnnm2"
"654","Cnot11"
"655","Cnrip1"
"656","Cntfr"
"657","Cntln"
"658","Cntn4"
"659","Cntn5"
"660","Coa3"
"661","Coa6"
"662","Cobl"
"663","Col11a1"
"664","Col12a1"
"665","Col1a1"
"666","Col1a2"
"667","Col22a1"
"668","Col26a1"
"669","Col3a1"
"670","Col4a1"
"671","Col4a2"
"672","Col4a5"
"673","Col5a1"
"674","Col6a2"
"675","Colec11"
"676","Commd10"
"677","Commd3"
"678","Commd6"
"679","Commd7"
"680","Cop1"
"681","Coprs"
"682","Copz2"
"683","Coq10a"
"684","Coq8a"
"685","Coro1a"
"686","Coro1c"
"687","Coro7"
"688","Cotl1"
"689","Cox10"
"690","Cox14"
"691","Cox16"
"692","Cox17"
"693","Cox4i2"
"694","Cox5b"
"695","Cox6b2"
"696","Cox6c"
"697","Cox7a1"
"698","Cox7a2l"
"699","Cox7c"
"700","Cpa1"
"701","Cpa2"
"702","Cpd"
"703","Cpe"
"704","Cpeb2"
"705","Cplx2"
"706","Cpm"
"707","Cpn1"
"708","Cpne2"
"709","Cpne3"
"710","Cpne5"
"711","Cpne8"
"712","Cpox"
"713","Cpt1b"
"714","Cpt2"
"715","Cr1l"
"716","Crabp1"
"717","Crabp2"
"718","Crb2"
"719","Crcp"
"720","Crebbp"
"721","Crebl2"
"722","Creg1"
"723","Crip3"
"724","Crispld1"
"725","Crls1"
"726","Crmp1"
"727","Crtc2"
"728","Cry1"
"729","Cryab"
"730","Cryba4"
"731","Crybb1"
"732","Crygb"
"733","Cryzl1"
"734","Cryzl2"
"735","Csdc2"
"736","Csf1r"
"737","Csf2rb"
"738","Csgalnact1"
"739","Csgalnact2"
"740","Csmd2"
"741","Csnk1d"
"742","Csnk1g2"
"743","Csnk2a2"
"744","Cspg4"
"745","Csrp2"
"746","Cst12"
"747","Cst8"
"748","Cstad"
"749","Cstb"
"750","Ct55"
"751","Ctdnep1"
"752","Ctdp1"
"753","Ctdspl"
"754","Ctf1"
"755","Cth"
"756","Ctnnbip1"
"757","Ctns"
"758","Ctps2"
"759","Ctrl"
"760","Ctsc"
"761","Ctse"
"762","Ctss"
"763","Ctsz"
"764","Cttnbp2"
"765","Cttnbp2nl"
"766","Ctxn1"
"767","Ctxn3"
"768","Cul4b"
"769","Cul5"
"770","Cutal"
"771","Cutc"
"772","Cux1"
"773","Cux2"
"774","Cwc25"
"775","Cwc27"
"776","Cx3cl1"
"777","Cx3cr1"
"778","Cxcl12"
"779","Cxcl13"
"780","Cxxc4"
"781","Cyb561"
"782","Cyb5d2"
"783","Cyba"
"784","Cyfip2"
"785","Cyhr1"
"786","Cyp11a1"
"787","Cyp11b1"
"788","Cyp17a1"
"789","Cyp1b1"
"790","Cyp21a1"
"791","Cyp2f2"
"792","Cyp4f13"
"793","Cyp4f14"
"794","Cyp4f15"
"795","Cyp4f16"
"796","Cyp4f17"
"797","Cyp4v3"
"798","Cyren"
"799","Cyria"
"800","Cyth4"
"801","Czib"
"802","D130040H23Rik"
"803","D430019H16Rik"
"804","D630039A03Rik"
"805","Dab1"
"806","Dab2"
"807","Dact1"
"808","Dact2"
"809","Dapk1"
"810","Dapk2"
"811","Dapp1"
"812","Dazap1"
"813","Dazl"
"814","Dbh"
"815","Dbn1"
"816","Dbndd1"
"817","Dbp"
"818","Dbt"
"819","Dcaf12l1"
"820","Dcaf12l2"
"821","Dcaf13"
"822","Dcaf4"
"823","Dcaf5"
"824","Dcbld1"
"825","Dchs1"
"826","Dclk1"
"827","Dct"
"828","Dctn5"
"829","Dctn6"
"830","Dcxr"
"831","Ddc"
"832","Ddhd2"
"833","Ddi2"
"834","Ddit3"
"835","Ddr2"
"836","Ddx6"
"837","Deaf1"
"838","Decr1"
"839","Decr2"
"840","Defb7"
"841","Degs1"
"842","Dennd11"
"843","Dennd1a"
"844","Dennd1c"
"845","Dennd2a"
"846","Dennd2d"
"847","Dennd4c"
"848","Dennd5a"
"849","Dennd5b"
"850","Dennd6a"
"851","Denr"
"852","Deptor"
"853","Des"
"854","Dgat2"
"855","Dgcr6"
"856","Dgkz"
"857","Dguok"
"858","Dhdh"
"859","Dhrs7"
"860","Dhx36"
"861","Dipk1a"
"862","Dipk2a"
"863","Dixdc1"
"864","Dlg4"
"865","Dlgap3"
"866","Dlk1"
"867","Dll1"
"868","Dmac1"
"869","Dmac2l"
"870","Dmc1"
"871","Dmpk"
"872","Dmrtc1a"
"873","Dmrtc2"
"874","Dmtn"
"875","Dnaaf1"
"876","Dnaaf4"
"877","Dnah1"
"878","Dnah7b"
"879","Dnaja4"
"880","Dnajc1"
"881","Dnajc15"
"882","Dnajc17"
"883","Dnajc19"
"884","Dnajc21"
"885","Dnajc28"
"886","Dnajc4"
"887","Dnmt3a"
"888","Doc2b"
"889","Dock2"
"890","Dock4"
"891","Dock9"
"892","Dok2"
"893","Dok4"
"894","Donson"
"895","Dpcd"
"896","Dpf1"
"897","Dpf3"
"898","Dph7"
"899","Dpm3"
"900","Dpp7"
"901","Dpp9"
"902","Dpysl3"
"903","Drp2"
"904","Dsc2"
"905","Dse"
"906","Dsg2"
"907","Dtd1"
"908","Dtnbp1"
"909","Dtwd1"
"910","Dtx2"
"911","Dtx3"
"912","Dus2"
"913","Dusp1"
"914","Dusp12"
"915","Dusp19"
"916","Dusp23"
"917","Dusp26"
"918","Dusp28"
"919","Dusp8"
"920","Dvl1"
"921","Dync1i1"
"922","Dync2li1"
"923","Dynlrb1"
"924","Dynlt1c"
"925","Dynlt2b"
"926","Dyrk1b"
"927","Dzip1l"
"928","E130308A19Rik"
"929","E130311K13Rik"
"930","E2f2"
"931","E2f4"
"932","Eaf2"
"933","Ebpl"
"934","Ece1"
"935","Ecel1"
"936","Ech1"
"937","Eci1"
"938","Eci2"
"939","Edaradd"
"940","Edem1"
"941","Edil3"
"942","Edn2"
"943","Edn3"
"944","Ednrb"
"945","Eea1"
"946","Eef1akmt2"
"947","Eef1b2"
"948","Eef1g"
"949","Eef2kmt"
"950","Efcab7"
"951","Efna1"
"952","Efna3"
"953","Efna5"
"954","Efnb1"
"955","Efnb2"
"956","Efnb3"
"957","Efs"
"958","Egfl6"
"959","Egfr"
"960","Egln1"
"961","Egln2"
"962","Ehbp1l1"
"963","Ehd1"
"964","Ehd2"
"965","Ehd3"
"966","Ehmt2"
"967","Eid2"
"968","Eid2b"
"969","Eif2ak2"
"970","Eif2b3"
"971","Eif2b5"
"972","Eif3b"
"973","Eif3f"
"974","Eif5b"
"975","Elavl4"
"976","Elf1"
"977","Elfn1"
"978","Elof1"
"979","Elovl1"
"980","Elovl2"
"981","Elovl4"
"982","Emb"
"983","Emc2"
"984","Emc9"
"985","Emd"
"986","Emg1"
"987","Emid1"
"988","Emilin1"
"989","Emilin2"
"990","Eml1"
"991","Eml4"
"992","Eml5"
"993","Emp1"
"994","Emp2"
"995","Emp3"
"996","Emx2"
"997","Endog"
"998","Engase"
"999","Enox1"
"1000","Enox2"
"1001","Enpp2"
"1002","Entpd7"
"1003","Entrep3"
"1004","Eola1"
"1005","Epb41l3"
"1006","Epb42"
"1007","Epha3"
"1008","Ephb1"
"1009","Ephb2"
"1010","Ephx1"
"1011","Ephx2"
"1012","Epor"
"1013","Epx"
"1014","Erbb2"
"1015","Ereg"
"1016","Eri3"
"1017","Ermap"
"1018","Ermard"
"1019","Ermp1"
"1020","Ern1"
"1021","Errfi1"
"1022","Esr1"
"1023","Esyt1"
"1024","Etfa"
"1025","Etfbkmt"
"1026","Etnk1"
"1027","Ets1"
"1028","Etv3"
"1029","Etv6"
"1030","Eva1a"
"1031","Eva1b"
"1032","Evc2"
"1033","Evi2a"
"1034","Exoc3l"
"1035","Exoc3l4"
"1036","Exosc1"
"1037","Exosc7"
"1038","Ext1"
"1039","F11r"
"1040","F13a1"
"1041","F2rl1"
"1042","Faah"
"1043","Faap20"
"1044","Fabp7"
"1045","Faf1"
"1046","Fahd2a"
"1047","Faim"
"1048","Faim2"
"1049","Fam102b"
"1050","Fam107b"
"1051","Fam110c"
"1052","Fam117a"
"1053","Fam117b"
"1054","Fam124a"
"1055","Fam13a"
"1056","Fam161a"
"1057","Fam178b"
"1058","Fam183b"
"1059","Fam193a"
"1060","Fam199x"
"1061","Fam20c"
"1062","Fam210b"
"1063","Fam216a"
"1064","Fam221b"
"1065","Fam228b"
"1066","Fam32a"
"1067","Fam3a"
"1068","Fam43a"
"1069","Fam78a"
"1070","Fam83g"
"1071","Fam98b"
"1072","Fam98c"
"1073","Fancl"
"1074","Fank1"
"1075","Fars2"
"1076","Fas"
"1077","Fat4"
"1078","Fblim1"
"1079","Fbln1"
"1080","Fbln5"
"1081","Fbn2"
"1082","Fbrs"
"1083","Fbxl17"
"1084","Fbxl18"
"1085","Fbxo16"
"1086","Fbxo25"
"1087","Fbxo36"
"1088","Fbxo47"
"1089","Fbxw7"
"1090","Fcer1g"
"1091","Fcgr1"
"1092","Fcgr2b"
"1093","Fcgr3"
"1094","Fcgrt"
"1095","Fcho2"
"1096","Fcna"
"1097","Fcor"
"1098","Fcrls"
"1099","Fech"
"1100","Fem1b"
"1101","Fermt3"
"1102","Fes"
"1103","Fez1"
"1104","Fgd2"
"1105","Fgfbp3"
"1106","Fgfr1"
"1107","Fggy"
"1108","Fhit"
"1109","Fhod3"
"1110","Fibin"
"1111","Figla"
"1112","Fis1"
"1113","Fitm2"
"1114","Fkbp11"
"1115","Fkbp6"
"1116","Fkbp7"
"1117","Flnc"
"1118","Flot1"
"1119","Flrt3"
"1120","Flywch2"
"1121","Fmc1"
"1122","Fmnl3"
"1123","Fmo1"
"1124","Fmr1nb"
"1125","Fn1"
"1126","Fndc4"
"1127","Fndc5"
"1128","Fnip1"
"1129","Fnip2"
"1130","Fnta"
"1131","Foxa3"
"1132","Foxj1"
"1133","Foxk1"
"1134","Foxl2"
"1135","Foxp2"
"1136","Fra10ac1"
"1137","Frmd6"
"1138","Fsd1"
"1139","Fst"
"1140","Fuca2"
"1141","Fundc1"
"1142","Fundc2"
"1143","Fuom"
"1144","Furin"
"1145","Fut10"
"1146","Fut8"
"1147","Fuz"
"1148","Fxyd1"
"1149","Fxyd5"
"1150","Fyb"
"1151","Fzd1"
"1152","Fzd2"
"1153","Fzd4"
"1154","G0s2"
"1155","Gabra3"
"1156","Gabrb1"
"1157","Gadd45g"
"1158","Gal"
"1159","Galc"
"1160","Galk2"
"1161","Galm"
"1162","Gap43"
"1163","Gar1"
"1164","Garin5a"
"1165","Gas2"
"1166","Gas2l1"
"1167","Gas6"
"1168","Gata1"
"1169","Gata5"
"1170","Gata6"
"1171","Gatad2a"
"1172","Gba2"
"1173","Gbp2b"
"1174","Gbp6"
"1175","Gcat"
"1176","Gch1"
"1177","Gclm"
"1178","Gcsh"
"1179","Gdap2"
"1180","Gdf1"
"1181","Gdf6"
"1182","Gdpd2"
"1183","Gdpd5"
"1184","Gem"
"1185","Gemin7"
"1186","Gfi1b"
"1187","Gfod2"
"1188","Gfpt2"
"1189","Gfra3"
"1190","Gga1"
"1191","Gga2"
"1192","Gga3"
"1193","Ggact"
"1194","Ggh"
"1195","Ggnbp2"
"1196","Ggt5"
"1197","Ggta1"
"1198","Gigyf2"
"1199","Gimap9"
"1200","Ginm1"
"1201","Gja4"
"1202","Gjb3"
"1203","Gjc1"
"1204","Gk5"
"1205","Gkap1"
"1206","Glb1l2"
"1207","Glb1l3"
"1208","Glg1"
"1209","Gli3"
"1210","Glipr1"
"1211","Glo1"
"1212","Glod4"
"1213","Glrb"
"1214","Glrx"
"1215","Glrx5"
"1216","Gm10037"
"1217","Gm1140"
"1218","Gm13306"
"1219","Gm13539"
"1220","Gm14295"
"1221","Gm14305"
"1222","Gm14399"
"1223","Gm14410"
"1224","Gm14692"
"1225","Gm1673"
"1226","Gm17660"
"1227","Gm2000"
"1228","Gm21083"
"1229","Gm3604"
"1230","Gm4779"
"1231","Gm50478"
"1232","Gm5617"
"1233","Gm6710"
"1234","Gm7694"
"1235","Gm826"
"1236","Gm8797"
"1237","Gmfg"
"1238","Gmps"
"1239","Gna11"
"1240","Gna15"
"1241","Gnai1"
"1242","Gnai2"
"1243","Gnas"
"1244","Gnb2"
"1245","Gng10"
"1246","Gng13"
"1247","Gngt2"
"1248","Gnpda1"
"1249","Gnpda2"
"1250","Golga1"
"1251","Golm1"
"1252","Golph3"
"1253","Gon7"
"1254","Gpat3"
"1255","Gpc2"
"1256","Gpc3"
"1257","Gpcpd1"
"1258","Gpd1l"
"1259","Gpd2"
"1260","Gphn"
"1261","Gpm6a"
"1262","Gpr137"
"1263","Gpr155"
"1264","Gpr160"
"1265","Gpr182"
"1266","Gpr19"
"1267","Gpr34"
"1268","Gpr45"
"1269","Gpr85"
"1270","Gpsm3"
"1271","Gpx1"
"1272","Gramd1a"
"1273","Gramd4"
"1274","Grap"
"1275","Grap2"
"1276","Grcc10"
"1277","Greb1l"
"1278","Grhl3"
"1279","Gria3"
"1280","Grip1"
"1281","Grk4"
"1282","Grk5"
"1283","Gsap"
"1284","Gsdmd"
"1285","Gsdme"
"1286","Gse1"
"1287","Gskip"
"1288","Gspt1"
"1289","Gstk1"
"1290","Gstm5"
"1291","Gstp1"
"1292","Gstt1"
"1293","Gstt3"
"1294","Gtf2a1"
"1295","Gtf2i"
"1296","Gtf2ird1"
"1297","Gtf3c4"
"1298","Gtpbp8"
"1299","Gtsf1"
"1300","Gucy1a1"
"1301","Gucy1a2"
"1302","Gxylt1"
"1303","Gxylt2"
"1304","Gypa"
"1305","H1f0"
"1306","H1f10"
"1307","H2-D1"
"1308","H2-DMb1"
"1309","H2-Ke6"
"1310","H2-T22"
"1311","H2-T24"
"1312","H2ac13"
"1313","H2ac25"
"1314","Haao"
"1315","Hacd3"
"1316","Hacd4"
"1317","Hacl1"
"1318","Haghl"
"1319","Hand1"
"1320","Hao2"
"1321","Hapln1"
"1322","Hba-a1"
"1323","Hba-a2"
"1324","Hba-x"
"1325","Hbb-bh1"
"1326","Hbb-bt"
"1327","Hbb-y"
"1328","Hbegf"
"1329","Hbq1b"
"1330","Hcfc1r1"
"1331","Hck"
"1332","Hcls1"
"1333","Hdac2"
"1334","Hdac5"
"1335","Hdac7"
"1336","Hdhd3"
"1337","Heg1"
"1338","Hemgn"
"1339","Hes1"
"1340","Hes6"
"1341","Hexim1"
"1342","Hey1"
"1343","Heyl"
"1344","Hfe"
"1345","Hfm1"
"1346","Hgf"
"1347","Hibadh"
"1348","Hic2"
"1349","Hif3a"
"1350","Higd1a"
"1351","Hint2"
"1352","Hint3"
"1353","Hip1r"
"1354","Hipk1"
"1355","Hk1"
"1356","Hlx"
"1357","Hmcn1"
"1358","Hmga2"
"1359","Hmgcl"
"1360","Hmgcs1"
"1361","Hmgcs2"
"1362","Hmgn3"
"1363","Hmox2"
"1364","Hnmt"
"1365","Hnrnpa0"
"1366","Hnrnpa3"
"1367","Hnrnpl"
"1368","Hnrnpu"
"1369","Hnrnpul1"
"1370","Homer3"
"1371","Hormad1"
"1372","Hormad2"
"1373","Hoxa10"
"1374","Hoxa2"
"1375","Hoxa5"
"1376","Hoxa7"
"1377","Hoxa9"
"1378","Hoxb2"
"1379","Hoxb5"
"1380","Hoxb6"
"1381","Hoxb7"
"1382","Hoxb8"
"1383","Hoxc5"
"1384","Hoxc6"
"1385","Hoxd10"
"1386","Hoxd8"
"1387","Hpgds"
"1388","Hpn"
"1389","Hprt"
"1390","Hps6"
"1391","Hs3st1"
"1392","Hs3st3a1"
"1393","Hs3st3b1"
"1394","Hsbp1"
"1395","Hscb"
"1396","Hsd17b10"
"1397","Hsd17b13"
"1398","Hsd17b14"
"1399","Hsd17b2"
"1400","Hsd3b1"
"1401","Hsd3b6"
"1402","Hsd3b7"
"1403","Hsf2bp"
"1404","Hsp90aa1"
"1405","Hsp90ab1"
"1406","Hspa12a"
"1407","Hspa12b"
"1408","Hspa1a"
"1409","Hspa1l"
"1410","Hspa4l"
"1411","Hspb11"
"1412","Hspb6"
"1413","Hspg2"
"1414","Htra1"
"1415","Hunk"
"1416","Hyal1"
"1417","Hyls1"
"1418","Hypk"
"1419","Ibsp"
"1420","Icam4"
"1421","Id1"
"1422","Id2"
"1423","Id3"
"1424","Idi1"
"1425","Idnk"
"1426","Ier2"
"1427","Ier5"
"1428","Ifi27"
"1429","Ifi30"
"1430","Ifi35"
"1431","Ifi44"
"1432","Ifit1"
"1433","Ifit3"
"1434","Ifitm2"
"1435","Ifitm3"
"1436","Ifitm5"
"1437","Ifnar1"
"1438","Ifnar2"
"1439","Ift20"
"1440","Ift22"
"1441","Iftap"
"1442","Igbp1"
"1443","Igdcc3"
"1444","Igdcc4"
"1445","Igf2bp1"
"1446","Igf2bp2"
"1447","Igfbp2"
"1448","Igfbp4"
"1449","Igfbp5"
"1450","Igsf11"
"1451","Igsf6"
"1452","Igsf9"
"1453","Igtp"
"1454","Iigp1"
"1455","Ikbkg"
"1456","Ikzf1"
"1457","Il11ra1"
"1458","Il13ra1"
"1459","Il13ra2"
"1460","Il15"
"1461","Il17re"
"1462","Il18"
"1463","Il1r1"
"1464","Il1rap"
"1465","Il27ra"
"1466","Il2rg"
"1467","Il3ra"
"1468","Il6ra"
"1469","Il6st"
"1470","Ilrun"
"1471","Immp2l"
"1472","Impa2"
"1473","Impact"
"1474","Impdh1"
"1475","Inava"
"1476","Inca1"
"1477","Inhca"
"1478","Inka1"
"1479","Inpp4a"
"1480","Inpp5a"
"1481","Inpp5d"
"1482","Inpp5f"
"1483","Inpp5k"
"1484","Insig1"
"1485","Insl6"
"1486","Insyn2b"
"1487","Ints6"
"1488","Ints9"
"1489","Ip6k1"
"1490","Ipmk"
"1491","Iqcc"
"1492","Iqck"
"1493","Iqgap2"
"1494","Iqsec1"
"1495","Irag1"
"1496","Irag2"
"1497","Irak1"
"1498","Irf1"
"1499","Irf2bp1"
"1500","Irf2bp2"
"1501","Irf2bpl"
"1502","Irf5"
"1503","Irf7"
"1504","Irf8"
"1505","Irf9"
"1506","Irgm1"
"1507","Irgm2"
"1508","Irx3"
"1509","Isca2"
"1510","Iscu"
"1511","Isg15"
"1512","Isl1"
"1513","Isoc1"
"1514","Isoc2b"
"1515","Isx"
"1516","Itga1"
"1517","Itga5"
"1518","Itga6"
"1519","Itga8"
"1520","Itga9"
"1521","Itgb1bp1"
"1522","Itgb3"
"1523","Itpr2"
"1524","Itpripl1"
"1525","Itsn1"
"1526","Ivd"
"1527","Izumo4"
"1528","Jag1"
"1529","Jakmip1"
"1530","Jaml"
"1531","Jkamp"
"1532","Jmjd7"
"1533","Josd2"
"1534","Jrkl"
"1535","Kank3"
"1536","Kantr"
"1537","Kazn"
"1538","Kbtbd3"
"1539","Kcna5"
"1540","Kcnd2"
"1541","Kcne1l"
"1542","Kcng4"
"1543","Kcnh2"
"1544","Kcnip1"
"1545","Kcnk10"
"1546","Kcnk2"
"1547","Kcnk3"
"1548","Kcnn2"
"1549","Kcnn4"
"1550","Kcnq1"
"1551","Kcns3"
"1552","Kcnt1"
"1553","Kcp"
"1554","Kctd12"
"1555","Kctd15"
"1556","Kctd2"
"1557","Kctd7"
"1558","Kdm1b"
"1559","Kdm2b"
"1560","Kdm5c"
"1561","Kel"
"1562","Khdrbs1"
"1563","Khdrbs3"
"1564","Khk"
"1565","Khsrp"
"1566","Kif13a"
"1567","Kif16b"
"1568","Kif1a"
"1569","Kif1b"
"1570","Kif26a"
"1571","Kif2a"
"1572","Kif3a"
"1573","Kif5c"
"1574","Kif6"
"1575","Kif7"
"1576","Kifbp"
"1577","Kifc2"
"1578","Kitl"
"1579","Klf1"
"1580","Klf10"
"1581","Klf13"
"1582","Klf3"
"1583","Klf5"
"1584","Klf7"
"1585","Klf9"
"1586","Klhdc9"
"1587","Klhl14"
"1588","Klhl18"
"1589","Klhl2"
"1590","Klhl3"
"1591","Klhl6"
"1592","Klhl8"
"1593","Kmt2c"
"1594","Kmt2d"
"1595","Kmt2e"
"1596","Kmt5c"
"1597","Knop1"
"1598","Kras"
"1599","Krt10"
"1600","Krt15"
"1601","Krt18"
"1602","Krt19"
"1603","Krt20"
"1604","Krt7"
"1605","Krt79"
"1606","Krtap17-1"
"1607","Krtcap2"
"1608","Krtcap3"
"1609","Kti12"
"1610","L3hypdh"
"1611","L3mbtl2"
"1612","Lage3"
"1613","Lama1"
"1614","Lama5"
"1615","Lamtor2"
"1616","Lamtor4"
"1617","Lamtor5"
"1618","Lancl3"
"1619","Laptm4a"
"1620","Laptm5"
"1621","Large1"
"1622","Layn"
"1623","Lbh"
"1624","Lbhd2"
"1625","Lbp"
"1626","Lbr"
"1627","Lbx2"
"1628","Lck"
"1629","Lcorl"
"1630","Lcp1"
"1631","Lcp2"
"1632","Ldb1"
"1633","Ldb2"
"1634","Ldlrad4"
"1635","Lef1"
"1636","Leo1"
"1637","Lgals1"
"1638","Lgals3bp"
"1639","Lgals7"
"1640","Lgals8"
"1641","Lgals9"
"1642","Lgi3"
"1643","Lgr5"
"1644","Lhcgr"
"1645","Lhfp"
"1646","Lhpp"
"1647","Lias"
"1648","Lima1"
"1649","Lims2"
"1650","Lin37"
"1651","Lipe"
"1652","Lix1"
"1653","Llgl1"
"1654","Llgl2"
"1655","Lman2l"
"1656","Lmbrd1"
"1657","Lmcd1"
"1658","Lmo1"
"1659","Lmo2"
"1660","Lmo3"
"1661","Lmo7"
"1662","Lmod1"
"1663","Lmx1a"
"1664","Lnx1"
"1665","Lor"
"1666","Loxl2"
"1667","Lpcat1"
"1668","Lpgat1"
"1669","Lratd1"
"1670","Lratd2"
"1671","Lrch2"
"1672","Lrfn4"
"1673","Lrig2"
"1674","Lrmda"
"1675","Lrp1"
"1676","Lrp12"
"1677","Lrp4"
"1678","Lrrc1"
"1679","Lrrc27"
"1680","Lrrc34"
"1681","Lrrc3b"
"1682","Lrrc42"
"1683","Lrrc49"
"1684","Lrrc51"
"1685","Lrrc56"
"1686","Lrrc58"
"1687","Lrrc75a"
"1688","Lrrc8a"
"1689","Lrrfip1"
"1690","Lrriq3"
"1691","Lrrk1"
"1692","Lrrn1"
"1693","Lrrn3"
"1694","Lrrtm4"
"1695","Lsamp"
"1696","Lsm1"
"1697","Lsm10"
"1698","Lsm7"
"1699","Lsp1"
"1700","Ltbp1"
"1701","Ltbp3"
"1702","Ltbr"
"1703","Ltc4s"
"1704","LTO1"
"1705","Luc7l3"
"1706","Lum"
"1707","Lurap1"
"1708","Lxn"
"1709","Ly6d"
"1710","Ly6e"
"1711","Ly6k"
"1712","Ly86"
"1713","Ly96"
"1714","Lyl1"
"1715","Lyn"
"1716","Lypd1"
"1717","Lypd6"
"1718","Lypd6b"
"1719","Lypd8l"
"1720","Lyrm2"
"1721","Lyz2"
"1722","Lzts1"
"1723","M1ap"
"1724","Mab21l2"
"1725","Macrod2"
"1726","Mael"
"1727","Mafb"
"1728","Maged2"
"1729","Magee1"
"1730","Magee2"
"1731","Magel2"
"1732","Magi2"
"1733","Majin"
"1734","Malsu1"
"1735","Maml2"
"1736","Maml3"
"1737","Man1a"
"1738","Manbal"
"1739","Mansc1"
"1740","Maoa"
"1741","Map1a"
"1742","Map1b"
"1743","Map2k7"
"1744","Map3k7cl"
"1745","Map4k3"
"1746","Map4k4"
"1747","Map7d1"
"1748","Map9"
"1749","Mapk12"
"1750","Mapk7"
"1751","Mapk8ip1"
"1752","Mapk9"
"1753","Mapre2"
"1754","Marchf2"
"1755","Marchf5"
"1756","Marcks"
"1757","Marveld1"
"1758","Mast3"
"1759","Matk"
"1760","Matn2"
"1761","Mavs"
"1762","Mbd2"
"1763","Mbd3"
"1764","Mbd6"
"1765","Mbnl3"
"1766","Mc2r"
"1767","Mcam"
"1768","Mcc"
"1769","Mccc2"
"1770","Mcf2l"
"1771","Mctp1"
"1772","Mcu"
"1773","Mdk"
"1774","Me2"
"1775","Mea1"
"1776","Med10"
"1777","Med16"
"1778","Med17"
"1779","Med21"
"1780","Med22"
"1781","Med31"
"1782","Med7"
"1783","Mef2d"
"1784","Megf8"
"1785","Meiob"
"1786","Meioc"
"1787","Meiosin"
"1788","Meis1"
"1789","Meis2"
"1790","Meltf"
"1791","Memo1"
"1792","Mest"
"1793","Mettl18"
"1794","Mettl22"
"1795","Mettl27"
"1796","Mex3d"
"1797","Mfap1a"
"1798","Mfap3"
"1799","Mfhas1"
"1800","Mfn1"
"1801","Mfsd12"
"1802","Mgat4a"
"1803","Mgmt"
"1804","Mgp"
"1805","Mgst3"
"1806","Mia"
"1807","Micos10"
"1808","Micos13"
"1809","Micu1"
"1810","Mid1ip1"
"1811","Mier3"
"1812","Milr1"
"1813","Minar2"
"1814","Mindy2"
"1815","Mitd1"
"1816","Mknk2"
"1817","Mlf1"
"1818","Mllt3"
"1819","Mllt6"
"1820","Mlxipl"
"1821","Mme"
"1822","Mmgt2"
"1823","Mmp14"
"1824","Mmp16"
"1825","Mn1"
"1826","Mns1"
"1827","Mnt"
"1828","Mob3a"
"1829","Mob3c"
"1830","Mogat2"
"1831","Mon1b"
"1832","Mon2"
"1833","Morn1"
"1834","Morn2"
"1835","Mov10l1"
"1836","Moxd1"
"1837","Mpc1"
"1838","Mpc2"
"1839","Mphosph8"
"1840","Mpp3"
"1841","Mppe1"
"1842","Mpped2"
"1843","Mprip"
"1844","Mpv17"
"1845","Mpv17l2"
"1846","Mr1"
"1847","Mrap"
"1848","Mrc1"
"1849","Mrc2"
"1850","Mreg"
"1851","Mrm2"
"1852","Mrm3"
"1853","Mrpl17"
"1854","Mrpl2"
"1855","Mrpl22"
"1856","Mrpl24"
"1857","Mrpl27"
"1858","Mrpl30"
"1859","Mrpl33"
"1860","Mrpl35"
"1861","Mrpl37"
"1862","Mrpl41"
"1863","Mrpl48"
"1864","Mrpl55"
"1865","Mrps10"
"1866","Mrps11"
"1867","Mrps12"
"1868","Mrps15"
"1869","Mrps16"
"1870","Mrps18a"
"1871","Mrps18c"
"1872","Mrps21"
"1873","Mrps34"
"1874","Mrps9"
"1875","Mrrf"
"1876","Mrtfa"
"1877","Mrtfb"
"1878","Ms4a4a"
"1879","Ms4a6b"
"1880","Ms4a6c"
"1881","Ms4a6d"
"1882","Ms4a7"
"1883","Msh5"
"1884","Msl1"
"1885","Msl3l2"
"1886","Msra"
"1887","Msrb2"
"1888","Msx1"
"1889","Msx2"
"1890","Mt1"
"1891","Mt2"
"1892","Mterf1a"
"1893","Mterf1b"
"1894","Mterf3"
"1895","Mthfr"
"1896","Mthfs"
"1897","Mthfsl"
"1898","Mtln"
"1899","Mtmr14"
"1900","Mtres1"
"1901","Mtss1"
"1902","Mtss2"
"1903","Mturn"
"1904","Mtus2"
"1905","Mycbp2"
"1906","Myh10"
"1907","Myh11"
"1908","Myh6"
"1909","Myh7"
"1910","Myh8"
"1911","Myh9"
"1912","Myl1"
"1913","Myl4"
"1914","Myl7"
"1915","Myl9"
"1916","Mylip"
"1917","Mylpf"
"1918","Mymx"
"1919","Myo1a"
"1920","Myo1b"
"1921","Myo1e"
"1922","Myo1f"
"1923","Myo5b"
"1924","Myo5c"
"1925","Myocd"
"1926","Myom1"
"1927","Myom3"
"1928","Mypop"
"1929","Myrf"
"1930","Mysm1"
"1931","Mzt2"
"1932","N4bp3"
"1933","N6amt1"
"1934","Naaa"
"1935","Naalad2"
"1936","Nab2"
"1937","Naf1"
"1938","Naga"
"1939","Nagk"
"1940","Nags"
"1941","Nap1l5"
"1942","Naprt"
"1943","Nat14"
"1944","Nat8f1"
"1945","Nat8f4"
"1946","Natd1"
"1947","Nav2"
"1948","Nbdy"
"1949","Nbl1"
"1950","Ncam1"
"1951","Ncdn"
"1952","Ncf4"
"1953","Nck1"
"1954","Nckap1"
"1955","Nckap1l"
"1956","Nckap5"
"1957","Ncmap"
"1958","Ncoa1"
"1959","Ncoa6"
"1960","Ncor1"
"1961","Ncor2"
"1962","Ncs1"
"1963","Ndrg4"
"1964","Ndst2"
"1965","Ndufa1"
"1966","Ndufa11"
"1967","Ndufa12"
"1968","Ndufa13"
"1969","Ndufa2"
"1970","Ndufa3"
"1971","Ndufa4"
"1972","Ndufa4l2"
"1973","Ndufa6"
"1974","Ndufa7"
"1975","Ndufa8"
"1976","Ndufa9"
"1977","Ndufaf1"
"1978","Ndufaf3"
"1979","Ndufaf6"
"1980","Ndufaf8"
"1981","Ndufb10"
"1982","Ndufb11"
"1983","Ndufb6"
"1984","Ndufb8"
"1985","Ndufb9"
"1986","Ndufc1"
"1987","Ndufs2"
"1988","Ndufs3"
"1989","Ndufs4"
"1990","Ndufs5"
"1991","Ndufs7"
"1992","Ndufs8"
"1993","Ndufv2"
"1994","Nebl"
"1995","Necab3"
"1996","Nectin2"
"1997","Nectin3"
"1998","Nefl"
"1999","Nefm"
"2000","Nek1"
"2001","Nek6"
"2002","Nell1"
"2003","Nell2"
"2004","Neurl1a"
"2005","Nexmif"
"2006","Nexn"
"2007","Nf1"
"2008","Nfam1"
"2009","Nfatc4"
"2010","Nfic"
"2011","Nfkb1"
"2012","Nfu1"
"2013","Ngfr"
"2014","Ngly1"
"2015","Nhlrc1"
"2016","Nhsl2"
"2017","Niban1"
"2018","Niban2"
"2019","Nicn1"
"2020","Nid2"
"2021","Nin"
"2022","Nipal2"
"2023","Nipbl"
"2024","Nipsnap1"
"2025","Nipsnap2"
"2026","Nit1"
"2027","Nit2"
"2028","Nkain4"
"2029","Nkapl"
"2030","Nkd1"
"2031","Nkx3-1"
"2032","Nmb"
"2033","Nme4"
"2034","Nme5"
"2035","Nme7"
"2036","Nmnat2"
"2037","Nmnat3"
"2038","Nmt2"
"2039","Nmur2"
"2040","Nnat"
"2041","Nopchap1"
"2042","Nos1ap"
"2043","Nosip"
"2044","Notch2"
"2045","Notch3"
"2046","Notum"
"2047","Npas3"
"2048","Npc1"
"2049","Npnt"
"2050","Npr2"
"2051","Nptx2"
"2052","Nqo2"
"2053","Nr0b1"
"2054","Nr1h5"
"2055","Nr2c2"
"2056","Nr2f1"
"2057","Nr2f2"
"2058","Nr2f6"
"2059","Nr3c1"
"2060","Nrap"
"2061","Nrarp"
"2062","Nrg1"
"2063","Nrip2"
"2064","Nrk"
"2065","Nrn1"
"2066","Nrp1"
"2067","Nrros"
"2068","Nrtn"
"2069","Nsg1"
"2070","Nsmce1"
"2071","Nt5m"
"2072","Nthl1"
"2073","Ntm"
"2074","Ntpcr"
"2075","Nuak1"
"2076","Nubpl"
"2077","Nudt14"
"2078","Nudt16"
"2079","Nudt16l1"
"2080","Nudt17"
"2081","Nudt18"
"2082","Nudt6"
"2083","Numb"
"2084","Nup210"
"2085","Nup98"
"2086","Nupr1"
"2087","Nxf3"
"2088","Nxn"
"2089","Nxph3"
"2090","Nynrin"
"2091","Oas1a"
"2092","Oasl2"
"2093","Oat"
"2094","Oaz2"
"2095","Obsl1"
"2096","Ociad2"
"2097","Ocln"
"2098","Odad1"
"2099","Odf3b"
"2100","Odr4"
"2101","Ofd1"
"2102","Ogdhl"
"2103","Oit3"
"2104","Olfm1"
"2105","Olfml2b"
"2106","Opn1sw"
"2107","Opn3"
"2108","Oprk1"
"2109","Optn"
"2110","Or10d4b"
"2111","Or10n1"
"2112","Orc1"
"2113","Osbpl8"
"2114","Osr1"
"2115","Osr2"
"2116","Otub1"
"2117","P2rx7"
"2118","P2ry12"
"2119","P2ry6"
"2120","P3h2"
"2121","P3h3"
"2122","P4ha3"
"2123","Pacc1"
"2124","Pacs1"
"2125","Pacsin3"
"2126","Padi6"
"2127","Pafah1b1"
"2128","Paip1"
"2129","Pak1"
"2130","Palm3"
"2131","Palmd"
"2132","Pam"
"2133","Pam16"
"2134","Pank1"
"2135","Pank2"
"2136","Pank3"
"2137","Papln"
"2138","Papss2"
"2139","Paqr5"
"2140","Parm1"
"2141","Parp3"
"2142","Parp8"
"2143","Parp9"
"2144","Pars2"
"2145","Parvb"
"2146","Pax8"
"2147","Pbdc1"
"2148","Pbx2"
"2149","Pbx3"
"2150","Pbxip1"
"2151","Pcbd1"
"2152","Pcbd2"
"2153","Pcbp1"
"2154","Pcbp2"
"2155","Pcbp3"
"2156","Pcdh11x"
"2157","Pcdh19"
"2158","Pcdh20"
"2159","Pcdh7"
"2160","Pcf11"
"2161","Pcgf1"
"2162","Pcgf5"
"2163","Pcmtd1"
"2164","Pcp4l1"
"2165","Pcsk6"
"2166","Pcsk9"
"2167","Pdcd4"
"2168","Pdcd7"
"2169","Pde10a"
"2170","Pde1a"
"2171","Pde4a"
"2172","Pde4b"
"2173","Pde6d"
"2174","Pde7a"
"2175","Pde7b"
"2176","Pde8b"
"2177","Pde9a"
"2178","Pdgfb"
"2179","Pdgfc"
"2180","Pdgfd"
"2181","Pdgfra"
"2182","Pdgfrb"
"2183","Pdha1"
"2184","Pdk2"
"2185","Pdk4"
"2186","Pdlim2"
"2187","Pdp2"
"2188","Pdpn"
"2189","Pdxp"
"2190","Pdyn"
"2191","Pdzd11"
"2192","Pdzd2"
"2193","Pdzk1ip1"
"2194","Pdzrn3"
"2195","Pea15a"
"2196","Peak1"
"2197","Pear1"
"2198","Pecr"
"2199","Peg10"
"2200","Peg12"
"2201","Peg3"
"2202","Pemt"
"2203","Per3"
"2204","Pet100"
"2205","Pex11a"
"2206","Pex13"
"2207","Pfdn4"
"2208","Pfdn5"
"2209","Pfdn6"
"2210","Pfkfb4"
"2211","Pfkm"
"2212","Pfn4"
"2213","Pgf"
"2214","Pgm2"
"2215","Pgrmc2"
"2216","Phactr2"
"2217","Phaf1"
"2218","Phax"
"2219","Pheta1"
"2220","Pheta2"
"2221","Phf1"
"2222","Phf10"
"2223","Phf14"
"2224","Phf20"
"2225","Phf23"
"2226","Phlda1"
"2227","Phox2b"
"2228","Phpt1"
"2229","Phyhd1"
"2230","Phykpl"
"2231","Pi4k2a"
"2232","Pias1"
"2233","Pias3"
"2234","Pierce1"
"2235","Piezo1"
"2236","Pigbos1"
"2237","Pigh"
"2238","Pigk"
"2239","Pigp"
"2240","Pigq"
"2241","Pik3ap1"
"2242","Pik3ca"
"2243","Pik3cg"
"2244","Pik3ip1"
"2245","Pik3r1"
"2246","Pik3r2"
"2247","Pim3"
"2248","Pin1"
"2249","Pin4"
"2250","Pip4k2a"
"2251","Pip4k2b"
"2252","Pitpna"
"2253","Pitpnc1"
"2254","Pitx1"
"2255","Pitx2"
"2256","Pkd2"
"2257","Pklr"
"2258","Pknox2"
"2259","Pkp2"
"2260","Pla2g12a"
"2261","Pla2g1b"
"2262","Pla2g4a"
"2263","Pla2g7"
"2264","Pla2r1"
"2265","Plaat3"
"2266","Plac1"
"2267","Plac8"
"2268","Plagl1"
"2269","Plat"
"2270","Plaur"
"2271","Plcb3"
"2272","Plch1"
"2273","Pld1"
"2274","Pld3"
"2275","Pld4"
"2276","Pld5"
"2277","Plek"
"2278","Plek2"
"2279","Plekha2"
"2280","Plekha5"
"2281","Plekhb1"
"2282","Plekhg2"
"2283","Plekhh2"
"2284","Plekhh3"
"2285","Plekho1"
"2286","Plgrkt"
"2287","Plin2"
"2288","Plin5"
"2289","Plk2"
"2290","Plk3"
"2291","Plpp3"
"2292","Plpp6"
"2293","Plppr3"
"2294","Pls3"
"2295","Plscr2"
"2296","Pltp"
"2297","Plxdc1"
"2298","Plxna2"
"2299","Plxna3"
"2300","Plxnb2"
"2301","Plxnd1"
"2302","Pm20d2"
"2303","Pmaip1"
"2304","Pmm1"
"2305","Pmp22"
"2306","Pnck"
"2307","Pnisr"
"2308","Pnlip"
"2309","Pnliprp1"
"2310","Pnma8b"
"2311","Pnpo"
"2312","Pnrc2"
"2313","Podxl"
"2314","Podxl2"
"2315","Poglut2"
"2316","Poglut3"
"2317","Pogz"
"2318","Pold4"
"2319","Poldip3"
"2320","Poll"
"2321","Polr1c"
"2322","Polr1has"
"2323","Polr2d"
"2324","Polr2f"
"2325","Polr2g"
"2326","Pomc"
"2327","Pomgnt1"
"2328","Pomp"
"2329","Pou2af3"
"2330","Ppara"
"2331","Ppard"
"2332","Ppcs"
"2333","Ppdpf"
"2334","Ppfia2"
"2335","Ppfia4"
"2336","Ppic"
"2337","Ppie"
"2338","Ppil1"
"2339","Ppil3"
"2340","Ppil4"
"2341","Ppip5k2"
"2342","Ppm1b"
"2343","Ppm1k"
"2344","Ppp1cb"
"2345","Ppp1r13l"
"2346","Ppp1r14a"
"2347","Ppp1r18"
"2348","Ppp1r26"
"2349","Ppp1r3g"
"2350","Ppp2r5a"
"2351","Ppp2r5b"
"2352","Ppp2r5d"
"2353","Ppp2r5e"
"2354","Ppp3ca"
"2355","Ppp4r2"
"2356","Ppp4r4"
"2357","Ppp5c"
"2358","Pprc1"
"2359","Prcd"
"2360","Prdm2"
"2361","Prdm4"
"2362","Prdm5"
"2363","Prdm6"
"2364","Prdm9"
"2365","Prdx1"
"2366","Prdx3"
"2367","Prdx5"
"2368","Prelid2"
"2369","Prex1"
"2370","Prickle2"
"2371","Prkag2"
"2372","Prkar2a"
"2373","Prkca"
"2374","Prkcb"
"2375","Prkcd"
"2376","Prkci"
"2377","Prkg2"
"2378","Prkx"
"2379","Prlr"
"2380","Prmt2"
"2381","Proca1"
"2382","Procr"
"2383","Prokr2"
"2384","Prom1"
"2385","Prorsd1"
"2386","Pros1"
"2387","Prpf38a"
"2388","Prps1"
"2389","Prr12"
"2390","Prr15"
"2391","Prr36"
"2392","Prr5l"
"2393","Prrc2a"
"2394","Prrg2"
"2395","Prrt4"
"2396","Prrx1"
"2397","Prss23"
"2398","Prtn3"
"2399","Prune2"
"2400","Prxl2b"
"2401","Psen2"
"2402","Psmb10"
"2403","Psmb6"
"2404","Psmb8"
"2405","Psmb9"
"2406","Psmd10"
"2407","Psmd4"
"2408","Psme2"
"2409","Psme2b"
"2410","Psme3"
"2411","Psmf1"
"2412","Psmg1"
"2413","Psmg2"
"2414","Pstk"
"2415","Ptafr"
"2416","Pter"
"2417","Ptger3"
"2418","Ptgis"
"2419","Ptgs1"
"2420","Ptms"
"2421","Ptpn13"
"2422","Ptpn18"
"2423","Ptpn2"
"2424","Ptpn23"
"2425","Ptpn4"
"2426","Ptpn6"
"2427","Ptprc"
"2428","Ptprd"
"2429","Ptpro"
"2430","Ptprs"
"2431","Ptrhd1"
"2432","Pts"
"2433","Pura"
"2434","Pwwp2b"
"2435","Pwwp3a"
"2436","Pxylp1"
"2437","Pycard"
"2438","Pygl"
"2439","Pygm"
"2440","Pyroxd2"
"2441","Pyurf"
"2442","Qpct"
"2443","Qser1"
"2444","Qsox1"
"2445","Qtrt1"
"2446","R3hcc1l"
"2447","Rab11a"
"2448","Rab11fip4"
"2449","Rab11fip5"
"2450","Rab12"
"2451","Rab13"
"2452","Rab15"
"2453","Rab19"
"2454","Rab1b"
"2455","Rab21"
"2456","Rab24"
"2457","Rab27a"
"2458","Rab29"
"2459","Rab32"
"2460","Rab33a"
"2461","Rab34"
"2462","Rab35"
"2463","Rab36"
"2464","Rab3il1"
"2465","Rab40b"
"2466","Rab42"
"2467","Rab4a"
"2468","Rab7b"
"2469","Rab8b"
"2470","Rabep1"
"2471","Rabepk"
"2472","Rabgap1l"
"2473","Rac2"
"2474","Rad23b"
"2475","Rad9b"
"2476","Raet1e"
"2477","Rala"
"2478","Ralbp1"
"2479","Ralgapa1"
"2480","Ralgds"
"2481","Ramp1"
"2482","Ramp2"
"2483","Rangrf"
"2484","Rap1a"
"2485","Rapgef1"
"2486","Rapgef3"
"2487","Rarb"
"2488","Rarg"
"2489","Rarres1"
"2490","Rarres2"
"2491","Rasa1"
"2492","Rasa2"
"2493","Rasa3"
"2494","Rasd1"
"2495","Rasgrp1"
"2496","Rasgrp2"
"2497","Rasl11a"
"2498","Rassf4"
"2499","Rassf8"
"2500","Rassf9"
"2501","Rbbp6"
"2502","Rbbp9"
"2503","Rbfox1"
"2504","Rbks"
"2505","Rbm15"
"2506","Rbm38"
"2507","Rbm43"
"2508","Rbm5"
"2509","Rbms3"
"2510","Rbp4"
"2511","Rcan2"
"2512","Rcbtb1"
"2513","Rchy1"
"2514","Rcn3"
"2515","Rcor1"
"2516","Rcor3"
"2517","Rdh10"
"2518","Rdh13"
"2519","Rdm1"
"2520","Reep1"
"2521","Reep3"
"2522","Reep6"
"2523","Rell2"
"2524","Reln"
"2525","Rem1"
"2526","Rem2"
"2527","Renbp"
"2528","Resp18"
"2529","Retreg1"
"2530","Rexo1"
"2531","Rffl"
"2532","Rftn1"
"2533","Rfx5"
"2534","Rfx7"
"2535","Rgs2"
"2536","Rgs22"
"2537","Rgs4"
"2538","Rgs5"
"2539","Rhag"
"2540","Rhbdf1"
"2541","Rhd"
"2542","Rhobtb1"
"2543","Rhobtb2"
"2544","Rhoc"
"2545","Rhoj"
"2546","Rhoq"
"2547","Rhou"
"2548","Rida"
"2549","Rigi"
"2550","Rilp"
"2551","Rimkla"
"2552","Rimklb"
"2553","Ring1"
"2554","Riox1"
"2555","Ripor1"
"2556","Ripor3"
"2557","Rit1"
"2558","Rmc1"
"2559","Rmdn1"
"2560","Rnase1"
"2561","Rnase12"
"2562","Rnf10"
"2563","Rnf111"
"2564","Rnf113a1"
"2565","Rnf130"
"2566","Rnf135"
"2567","Rnf144b"
"2568","Rnf149"
"2569","Rnf152"
"2570","Rnf166"
"2571","Rnf17"
"2572","Rnf182"
"2573","Rnf19b"
"2574","Rnf212"
"2575","Rnf212b"
"2576","Rnf213"
"2577","Rnf227"
"2578","Ro60"
"2579","Robo2"
"2580","Robo4"
"2581","Rock2"
"2582","Rogdi"
"2583","Romo1"
"2584","Rorc"
"2585","Rpa1"
"2586","Rpain"
"2587","Rpl17"
"2588","Rpl21"
"2589","Rpl22l1"
"2590","Rpl23"
"2591","Rpl24"
"2592","Rpl35"
"2593","Rpl36a"
"2594","Rpp14"
"2595","Rpp21"
"2596","Rpp38"
"2597","Rprd1b"
"2598","Rps11"
"2599","Rps15a"
"2600","Rps18-ps6"
"2601","Rps19bp1"
"2602","Rps26"
"2603","Rps27"
"2604","Rps27a"
"2605","Rps27rt"
"2606","Rps3"
"2607","Rps5"
"2608","Rps6ka3"
"2609","Rps6ka6"
"2610","Rpusd1"
"2611","Rpusd2"
"2612","Rrad"
"2613","Rraga"
"2614","Rragb"
"2615","Rragc"
"2616","Rsf1"
"2617","Rsph1"
"2618","Rsph9"
"2619","Rsu1"
"2620","Rtl4"
"2621","Rtl6"
"2622","Rtl8c"
"2623","Rtn1"
"2624","Rtp4"
"2625","Runx1t1"
"2626","Rusc1"
"2627","Rusc2"
"2628","Rwdd3"
"2629","Rxylt1"
"2630","Ryk"
"2631","Ryr2"
"2632","S100a1"
"2633","S100a10"
"2634","S100a13"
"2635","S100a16"
"2636","S100a6"
"2637","S1pr1"
"2638","Sac3d1"
"2639","Sacm1l"
"2640","Sacs"
"2641","Sall4"
"2642","Samd14"
"2643","Samd15"
"2644","Sap18"
"2645","Sash3"
"2646","Sat2"
"2647","Satb1"
"2648","Saxo2"
"2649","Saysd1"
"2650","Sbk1"
"2651","Sbno2"
"2652","Sbspon"
"2653","Scaf1"
"2654","Scamp2"
"2655","Scamp5"
"2656","Scd1"
"2657","Scg5"
"2658","Scly"
"2659","Scml2"
"2660","Scn3b"
"2661","Scp2"
"2662","Scpep1"
"2663","Scube1"
"2664","Scube2"
"2665","Scube3"
"2666","Sdc1"
"2667","Sdc3"
"2668","Sdccag8"
"2669","Sdhaf3"
"2670","Sdhaf4"
"2671","Sdhb"
"2672","Sdk2"
"2673","Sdr39u1"
"2674","Sec11a"
"2675","Sec14l1"
"2676","Sec31a"
"2677","Sec63"
"2678","Selenbp1"
"2679","Selenok"
"2680","Selenom"
"2681","Selenop"
"2682","Selenos"
"2683","Selplg"
"2684","Sema3a"
"2685","Sema3f"
"2686","Sema4b"
"2687","Sema4d"
"2688","Sephs2"
"2689","Septin3"
"2690","Serf1"
"2691","Serf2"
"2692","Serhl"
"2693","Serinc2"
"2694","Serpina16"
"2695","Serpina3g"
"2696","Serpinb1a"
"2697","Serpinb1b"
"2698","Serpinb9"
"2699","Serpinf1"
"2700","Serping1"
"2701","Serpini1"
"2702","Sertad3"
"2703","Sesn1"
"2704","Set"
"2705","Setd1a"
"2706","Setd1b"
"2707","Sez6l2"
"2708","Sf3b5"
"2709","Sf3b6"
"2710","Sfn"
"2711","Sfrp1"
"2712","Sfrp2"
"2713","Sfrp5"
"2714","Sftpc"
"2715","Sfxn3"
"2716","Sgcb"
"2717","Sgce"
"2718","Sgf29"
"2719","Sh2b3"
"2720","Sh2d4a"
"2721","Sh3bgr"
"2722","Sh3bgrl3"
"2723","Sh3bp1"
"2724","Sh3bp5l"
"2725","Sh3d21"
"2726","Sh3kbp1"
"2727","Sh3pxd2b"
"2728","Sh3yl1"
"2729","Shc1"
"2730","Shc2"
"2731","Shh"
"2732","Shisa6"
"2733","Shisa9"
"2734","Shisal2b"
"2735","Shld1"
"2736","Shroom1"
"2737","Shroom3"
"2738","Siae"
"2739","Siah1a"
"2740","Siglecf"
"2741","Siglecg"
"2742","Sik1"
"2743","Sirpa"
"2744","Sirt3"
"2745","Sirt4"
"2746","Sirt5"
"2747","Sirt7"
"2748","Skida1"
"2749","Sla"
"2750","Slain2"
"2751","Slc10a3"
"2752","Slc11a1"
"2753","Slc12a7"
"2754","Slc15a1"
"2755","Slc16a10"
"2756","Slc16a3"
"2757","Slc16a4"
"2758","Slc16a5"
"2759","Slc16a6"
"2760","Slc18a1"
"2761","Slc18a2"
"2762","Slc19a2"
"2763","Slc1a4"
"2764","Slc1a5"
"2765","Slc22a17"
"2766","Slc22a21"
"2767","Slc25a14"
"2768","Slc25a23"
"2769","Slc25a24"
"2770","Slc25a31"
"2771","Slc25a32"
"2772","Slc25a35"
"2773","Slc25a37"
"2774","Slc25a39"
"2775","Slc25a42"
"2776","Slc2a3"
"2777","Slc30a10"
"2778","Slc30a4"
"2779","Slc30a5"
"2780","Slc31a2"
"2781","Slc35d2"
"2782","Slc35f1"
"2783","Slc35f2"
"2784","Slc35g1"
"2785","Slc37a2"
"2786","Slc38a4"
"2787","Slc38a5"
"2788","Slc38a9"
"2789","Slc39a8"
"2790","Slc40a1"
"2791","Slc41a2"
"2792","Slc41a3"
"2793","Slc46a3"
"2794","Slc4a1"
"2795","Slc4a3"
"2796","Slc4a8"
"2797","Slc50a1"
"2798","Slc5a6"
"2799","Slc66a2"
"2800","Slc6a13"
"2801","Slc6a9"
"2802","Slc7a11"
"2803","Slc7a2"
"2804","Slc7a4"
"2805","Slc7a8"
"2806","Slc7a9"
"2807","Slc8b1"
"2808","Slc9a3r1"
"2809","Slc9a3r2"
"2810","Slc9a6"
"2811","Slco2b1"
"2812","Slirp"
"2813","Slit2"
"2814","Slitrk1"
"2815","Slu7"
"2816","Slx1b"
"2817","Smad4"
"2818","Smad5"
"2819","Smagp"
"2820","Smap2"
"2821","Smarcc1"
"2822","Smarcd2"
"2823","Smc1b"
"2824","Smc3"
"2825","Smcp"
"2826","Smim1"
"2827","Smim10l1"
"2828","Smim10l2a"
"2829","Smim11"
"2830","Smim13"
"2831","Smim14"
"2832","Smim22"
"2833","Smim24"
"2834","Smim27"
"2835","Smim32"
"2836","Smim5"
"2837","Smim8"
"2838","Smo"
"2839","Smpd5"
"2840","Smpdl3a"
"2841","Smpdl3b"
"2842","Smpx"
"2843","Smtnl1"
"2844","Smurf2"
"2845","Snai1"
"2846","Snap25"
"2847","Snapc2"
"2848","Snapin"
"2849","Snca"
"2850","Snhg11"
"2851","Snn"
"2852","Snrnp25"
"2853","Snrnp27"
"2854","Snrpb2"
"2855","Snrpd2"
"2856","Snta1"
"2857","Snx16"
"2858","Snx24"
"2859","Snx3"
"2860","Snx30"
"2861","Snx8"
"2862","Snx9"
"2863","Sobp"
"2864","Socs4"
"2865","Sod1"
"2866","Sod3"
"2867","Sohlh1"
"2868","Sorbs1"
"2869","Sorbs2"
"2870","Sox11"
"2871","Sox5"
"2872","Sp2"
"2873","Sp3"
"2874","Sp5"
"2875","Spa17"
"2876","Spaca9"
"2877","Spacdr"
"2878","Spag4"
"2879","Spata22"
"2880","Spata24"
"2881","Spcs1"
"2882","Spcs3"
"2883","Spdya"
"2884","Specc1l"
"2885","Spg20"
"2886","Sphkap"
"2887","Spi1"
"2888","Spidr"
"2889","Spink4"
"2890","Spire1"
"2891","Spo11"
"2892","Spock1"
"2893","Spock2"
"2894","Spon1"
"2895","Spon2"
"2896","Sppl3"
"2897","Sprr1a"
"2898","Sprr2a2"
"2899","Sprr2d"
"2900","Spry2"
"2901","Spryd4"
"2902","Spryd7"
"2903","Spsb4"
"2904","Spta1"
"2905","Sptb"
"2906","Sptbn1"
"2907","Sqor"
"2908","Sra1"
"2909","Srek1ip1"
"2910","Sri"
"2911","Srp14"
"2912","Srp72"
"2913","Srp9"
"2914","Srpk2"
"2915","Srpx"
"2916","Srpx2"
"2917","Srrm4"
"2918","Srsf11"
"2919","Srsf12"
"2920","Ssbp2"
"2921","Ssc4d"
"2922","Ssna1"
"2923","Ssr4"
"2924","Ssx2ip"
"2925","St3gal2"
"2926","St6galnac2"
"2927","St6galnac4"
"2928","St8sia2"
"2929","Stab1"
"2930","Stag3"
"2931","Star"
"2932","Stard5"
"2933","Stard8"
"2934","Stat1"
"2935","Stat2"
"2936","Stau2"
"2937","Stbd1"
"2938","Steap3"
"2939","Stim2"
"2940","Stimate"
"2941","Sting1"
"2942","Stk11"
"2943","Stk3"
"2944","Stk31"
"2945","Stk35"
"2946","Stk36"
"2947","Stk38l"
"2948","Stk39"
"2949","Stmn3"
"2950","Stmn4"
"2951","Stom"
"2952","Stoml1"
"2953","Ston2"
"2954","Stra8"
"2955","Strn3"
"2956","Strn4"
"2957","Stt3b"
"2958","Stum"
"2959","Stx11"
"2960","Stx17"
"2961","Stx2"
"2962","Stx4a"
"2963","Stxbp1"
"2964","Stxbp3"
"2965","Sub1"
"2966","Sucla2"
"2967","Sugct"
"2968","Sulf2"
"2969","Sult1a1"
"2970","Sult5a1"
"2971","Surf1"
"2972","Surf2"
"2973","Susd2"
"2974","Sv2a"
"2975","Svbp"
"2976","Svopl"
"2977","Svs5"
"2978","Svs6"
"2979","Sybu"
"2980","Syce1"
"2981","Syce2"
"2982","Syce3"
"2983","Sycp1"
"2984","Sycp2"
"2985","Sycp3"
"2986","Syde1"
"2987","Syf2"
"2988","Syne4"
"2989","Syngr4"
"2990","Synpo"
"2991","Synpr"
"2992","Syt1"
"2993","Syt11"
"2994","Syt13"
"2995","Sytl2"
"2996","Szrd1"
"2997","Taf1c"
"2998","Taf3"
"2999","Taf4"
"3000","Taf7"
"3001","Tagap1"
"3002","Tagln"
"3003","Tagln2"
"3004","Tagln3"
"3005","Tal1"
"3006","Tanc2"
"3007","Tango2"
"3008","Taok2"
"3009","Tap1"
"3010","Tapbpl"
"3011","Tasp1"
"3012","Tatdn3"
"3013","Tbc1d1"
"3014","Tbc1d10b"
"3015","Tbc1d10c"
"3016","Tbc1d12"
"3017","Tbc1d16"
"3018","Tbc1d22b"
"3019","Tbc1d4"
"3020","Tbcb"
"3021","Tbcc"
"3022","Tbck"
"3023","Tbkbp1"
"3024","Tbl1x"
"3025","Tbl1xr1"
"3026","Tbx3"
"3027","Tbxas1"
"3028","Tcea2"
"3029","Tcea3"
"3030","Tceal1"
"3031","Tceal3"
"3032","Tceal6"
"3033","Tceanc2"
"3034","Tcf12"
"3035","Tcf20"
"3036","Tcf3"
"3037","Tcf4"
"3038","Tcf7l1"
"3039","Tchh"
"3040","Tcim"
"3041","Tcirg1"
"3042","Tcof1"
"3043","Tcta"
"3044","Tcte1"
"3045","Tdh"
"3046","Tdrd5"
"3047","Tdrd7"
"3048","Tdrp"
"3049","Tead3"
"3050","Tekt2"
"3051","Tenm3"
"3052","Tepp"
"3053","Terb1"
"3054","Terf2ip"
"3055","Tesmin"
"3056","Tex101"
"3057","Tex11"
"3058","Tex12"
"3059","Tex14"
"3060","Tex15"
"3061","Tex264"
"3062","Tfap2b"
"3063","Tfe3"
"3064","Tfpi"
"3065","Tgfa"
"3066","Tgfb1"
"3067","Tgfb1i1"
"3068","Tgfb2"
"3069","Tgfbr1"
"3070","Tgfbr3"
"3071","Tgif2"
"3072","Tgm2"
"3073","Tgm3"
"3074","Tgm5"
"3075","Tgtp1"
"3076","Th"
"3077","Thap12"
"3078","Thap3"
"3079","Thap7"
"3080","Thbd"
"3081","Thbs2"
"3082","Thbs3"
"3083","Them7"
"3084","Themis2"
"3085","Thnsl2"
"3086","Thoc2"
"3087","Thrsp"
"3088","Thsd7b"
"3089","Tifa"
"3090","Timm10"
"3091","Timm10b"
"3092","Timm21"
"3093","Timm8a1"
"3094","Timp2"
"3095","Tiparp"
"3096","Tjp1"
"3097","Tkt"
"3098","Tktl1"
"3099","Tlcd2"
"3100","Tlcd3a"
"3101","Tle3"
"3102","Tln2"
"3103","Tm2d1"
"3104","Tm2d2"
"3105","Tm2d3"
"3106","Tm4sf1"
"3107","Tm4sf4"
"3108","Tm4sf5"
"3109","Tm9sf3"
"3110","Tma7"
"3111","Tmbim4"
"3112","Tmc1"
"3113","Tmc4"
"3114","Tmcc1"
"3115","Tmcc2"
"3116","Tmco3"
"3117","Tmed4"
"3118","Tmeff2"
"3119","Tmem102"
"3120","Tmem106a"
"3121","Tmem108"
"3122","Tmem119"
"3123","Tmem126b"
"3124","Tmem130"
"3125","Tmem131l"
"3126","Tmem132c"
"3127","Tmem135"
"3128","Tmem139"
"3129","Tmem141"
"3130","Tmem147"
"3131","Tmem151b"
"3132","Tmem158"
"3133","Tmem165"
"3134","Tmem17"
"3135","Tmem170"
"3136","Tmem170b"
"3137","Tmem176a"
"3138","Tmem176b"
"3139","Tmem178"
"3140","Tmem191"
"3141","Tmem203"
"3142","Tmem216"
"3143","Tmem218"
"3144","Tmem223"
"3145","Tmem234"
"3146","Tmem237"
"3147","Tmem238"
"3148","Tmem242"
"3149","Tmem243"
"3150","Tmem250-ps"
"3151","Tmem256"
"3152","Tmem258"
"3153","Tmem26"
"3154","Tmem265"
"3155","Tmem35b"
"3156","Tmem38b"
"3157","Tmem41a"
"3158","Tmem42"
"3159","Tmem45a"
"3160","Tmem51"
"3161","Tmem53"
"3162","Tmem59"
"3163","Tmem60"
"3164","Tmem63a"
"3165","Tmem70"
"3166","Tmem74b"
"3167","Tmem88"
"3168","Tmem9b"
"3169","Tmie"
"3170","Tmod1"
"3171","Tmod2"
"3172","Tmsb15b1"
"3173","Tmsb15b2"
"3174","Tmsb15l"
"3175","Tmsb4x"
"3176","Tmx2"
"3177","Tnc"
"3178","Tnfrsf10b"
"3179","Tnfrsf18"
"3180","Tnfrsf19"
"3181","Tnfsf12"
"3182","Tnfsf13"
"3183","Tnip2"
"3184","Tnk2"
"3185","Tnks1bp1"
"3186","Tnni1"
"3187","Tnnt1"
"3188","Tnpo2"
"3189","Tnrc6c"
"3190","Tns2"
"3191","Tob2"
"3192","Tomm40l"
"3193","Tomm5"
"3194","Tor3a"
"3195","Tpbg"
"3196","Tpgs1"
"3197","Tpgs2"
"3198","Tph2"
"3199","Tpm2"
"3200","Tpm3-rs7"
"3201","Tpmt"
"3202","Tprkb"
"3203","Tpsb2"
"3204","Tpst2"
"3205","Tpt1"
"3206","Trabd2b"
"3207","Traf1"
"3208","Traf3ip1"
"3209","Trafd1"
"3210","Tram1"
"3211","Tram2"
"3212","Trappc2"
"3213","Trappc4"
"3214","Trappc6a"
"3215","Trappc6b"
"3216","Trappc8"
"3217","Trem2"
"3218","Trex1"
"3219","Trib2"
"3220","Trib3"
"3221","Tril"
"3222","Trim10"
"3223","Trim14"
"3224","Trim21"
"3225","Trim24"
"3226","Trim50"
"3227","Trim62"
"3228","Trim7"
"3229","Trim71"
"3230","Triobp"
"3231","Triqk"
"3232","Trmt10b"
"3233","Trmt112"
"3234","Trmt12"
"3235","Trpc4ap"
"3236","Trpc7"
"3237","Trpm5"
"3238","Trps1"
"3239","Trub1"
"3240","Tsacc"
"3241","Tsc22d1"
"3242","Tshr"
"3243","Tshz1"
"3244","Tshz3"
"3245","Tsku"
"3246","Tspan1"
"3247","Tspan13"
"3248","Tspan18"
"3249","Tspan32"
"3250","Tspan33"
"3251","Tspan6"
"3252","Tspan7"
"3253","Tspo"
"3254","Tspyl1"
"3255","Tspyl2"
"3256","Tspyl4"
"3257","Tspyl5"
"3258","Tst"
"3259","Ttc19"
"3260","Ttc28"
"3261","Ttc3"
"3262","Ttc32"
"3263","Ttc38"
"3264","Ttc39a"
"3265","Ttc7b"
"3266","Ttc8"
"3267","Ttf1"
"3268","Ttl"
"3269","Ttll1"
"3270","Ttll10"
"3271","Ttyh2"
"3272","Tuba3a"
"3273","Tubb3"
"3274","Tubb4a"
"3275","Tubb6"
"3276","Tubg2"
"3277","Tuft1"
"3278","Tug1"
"3279","Tulp1"
"3280","Tvp23a"
"3281","Twist2"
"3282","Txlng"
"3283","Txndc2"
"3284","Txndc9"
"3285","Txnip"
"3286","Txnrd1"
"3287","Txnrd2"
"3288","Txnrd3"
"3289","Tyrobp"
"3290","Uap1l1"
"3291","Uba7"
"3292","Ubac1"
"3293","Ubald1"
"3294","Ubb"
"3295","Ube2d1"
"3296","Ube2e3"
"3297","Ube2l6"
"3298","Ube2m"
"3299","Ube2q1"
"3300","Ube2z"
"3301","Ube3b"
"3302","Ubfd1"
"3303","Ubqln2"
"3304","Ubr5"
"3305","Ubxn11"
"3306","Ubxn4"
"3307","Uchl1"
"3308","Uck1"
"3309","Ufc1"
"3310","Ufl1"
"3311","Ugt2b34"
"3312","Ugt2b36"
"3313","Uhrf1bp1l"
"3314","Uimc1"
"3315","Ulk4"
"3316","Unc13d"
"3317","Unc50"
"3318","Unc5c"
"3319","Unc93b1"
"3320","Upf3b"
"3321","Upk1b"
"3322","Upk3b"
"3323","Uqcc2"
"3324","Uqcc3"
"3325","Uqcr10"
"3326","Uqcr11"
"3327","Uqcrc1"
"3328","Uqcrq"
"3329","Use1"
"3330","Usp12"
"3331","Usp15"
"3332","Usp18"
"3333","Usp29"
"3334","Usp35"
"3335","Usp51"
"3336","Usp53"
"3337","Ust"
"3338","Vamp8"
"3339","Vash2"
"3340","Vasp"
"3341","Vat1l"
"3342","Vav1"
"3343","Vav3"
"3344","Vcam1"
"3345","Vegfb"
"3346","Vgll2"
"3347","Vgll4"
"3348","Vkorc1"
"3349","Vldlr"
"3350","Vmac"
"3351","Vmn1r35"
"3352","Vmp1"
"3353","Vps13d"
"3354","Vps28"
"3355","Vps36"
"3356","Vps41"
"3357","Vps54"
"3358","Vsig10l"
"3359","Vsir"
"3360","Vsnl1"
"3361","Vwa5a"
"3362","Wapl"
"3363","Was"
"3364","Washc3"
"3365","Wbp11"
"3366","Wbp1l"
"3367","Wbp2"
"3368","Wdr27"
"3369","Wdr37"
"3370","Wdr44"
"3371","Wdr53"
"3372","Wdr59"
"3373","Wdr6"
"3374","Wdr61"
"3375","Wdr81"
"3376","Wdsub1"
"3377","Wdtc1"
"3378","Wdyhv1"
"3379","Wfdc1"
"3380","Wfdc10"
"3381","Wfdc13"
"3382","Wfdc17"
"3383","Wfdc6a"
"3384","Wfs1"
"3385","Wipf1"
"3386","Wipf2"
"3387","Wiz"
"3388","Wnt10a"
"3389","Wnt2"
"3390","Wnt2b"
"3391","Wnt5a"
"3392","Wnt5b"
"3393","Wnt7b"
"3394","Wnt9a"
"3395","Wwc1"
"3396","Wwc2"
"3397","Wwox"
"3398","Wwtr1"
"3399","Xaf1"
"3400","Xk"
"3401","Xkr8"
"3402","Xlr"
"3403","Xlr4a"
"3404","Xlr4b"
"3405","Xlr4c"
"3406","Xpa"
"3407","Xylt2"
"3408","Yars2"
"3409","Ybx1"
"3410","Yif1a"
"3411","Ypel2"
"3412","Ypel4"
"3413","Ythdc2"
"3414","Zbtb12"
"3415","Zbtb26"
"3416","Zbtb4"
"3417","Zbtb44"
"3418","Zbtb7a"
"3419","Zbtb7b"
"3420","Zbtb7c"
"3421","Zc3h10"
"3422","Zc3h4"
"3423","Zc3hav1l"
"3424","Zcchc12"
"3425","Zcchc3"
"3426","Zcwpw1"
"3427","Zcwpw2"
"3428","Zfand1"
"3429","Zfand6"
"3430","Zfhx3"
"3431","Zfp108"
"3432","Zfp131"
"3433","Zfp277"
"3434","Zfp286"
"3435","Zfp3"
"3436","Zfp30"
"3437","Zfp318"
"3438","Zfp324"
"3439","Zfp354a"
"3440","Zfp354c"
"3441","Zfp358"
"3442","Zfp36l1"
"3443","Zfp36l2"
"3444","Zfp385a"
"3445","Zfp385b"
"3446","Zfp414"
"3447","Zfp428"
"3448","Zfp454"
"3449","Zfp459"
"3450","Zfp46"
"3451","Zfp467"
"3452","Zfp503"
"3453","Zfp51"
"3454","Zfp512b"
"3455","Zfp513"
"3456","Zfp516"
"3457","Zfp53"
"3458","Zfp54"
"3459","Zfp551"
"3460","Zfp574"
"3461","Zfp58"
"3462","Zfp612"
"3463","Zfp637"
"3464","Zfp652"
"3465","Zfp667"
"3466","Zfp672"
"3467","Zfp687"
"3468","Zfp692"
"3469","Zfp703"
"3470","Zfp711"
"3471","Zfp746"
"3472","Zfp763"
"3473","Zfp773"
"3474","Zfp780b"
"3475","Zfp784"
"3476","Zfp808"
"3477","Zfp825"
"3478","Zfp870"
"3479","Zfp873"
"3480","Zfp930"
"3481","Zfp931"
"3482","Zfp932"
"3483","Zfp934"
"3484","Zfp937"
"3485","Zfp950"
"3486","Zfp958"
"3487","Zfp960"
"3488","Zfp963"
"3489","Zfp968-ps"
"3490","Zfp97"
"3491","Zfp971"
"3492","Zfp974"
"3493","Zfp983"
"3494","Zfpm1"
"3495","Zfr2"
"3496","Zg16"
"3497","Zhx2"
"3498","Zhx3"
"3499","Zim1"
"3500","Zkscan4"
"3501","Zmat5"
"3502","Zmym5"
"3503","Znrd2"
"3504","Zranb1"
"3505","Zscan25"
"3506","Zswim4"
"3507","Zxdc"
