,x
0610009B22Rik,f
0610012G03Rik,e
0610040J01Rik,a
1110032A03Rik,f
1110038F14Rik,e
1110059E24Rik,e
1110059G10Rik,e
1110065P20Rik,f
1190007I07Rik,e
1500009L16Rik,e
1500011B03Rik,f
1600012H06Rik,d
1600014C10Rik,e
1700001L19Rik,f
1700010I14Rik,e
1700013H16Rik,f
1700017B05Rik,b
1700028K03Rik,f
1700029J07Rik,f
1700037H04Rik,d
1700088E04Rik,e
1700123O20Rik,e
1810013L24Rik,f
1810037I17Rik,f
1810055G02Rik,e
1810065E05Rik,c
2200002D01Rik,d
2200002J24Rik,f
2210016F16Rik,e
2210016L21Rik,e
2310022A10Rik,b
2310022B05Rik,b
2310030G06Rik,f
2310033P09Rik,f
2310034G01Rik,f
2310039H08Rik,e
2310057M21Rik,e
2310061I04Rik,f
2510002D24Rik,e
2610318N02Rik,c
2610528A11Rik,a
2700062C07Rik,f
2900026A02Rik,a
3110009E18Rik,e
3110040N11Rik,f
4930447C04Rik,f
4930486L24Rik,a
4930523C07Rik,f
4930524B15Rik,f
4930550C14Rik,e
4930563E22Rik,e
4930572O03Rik,c
4931406C07Rik,d
4931414P19Rik,c
4931428F04Rik,b
4933407L21Rik,f
4933434E20Rik,f
5031410I06Rik,f
5031439G07Rik,c
5730409E04Rik,e
5730507C01Rik,c
6030468B19Rik,a
6030498E09Rik,b
6720489N17Rik,e
9030025P20Rik,e
9130023H24Rik,f
9430038I01Rik,e
9930021J03Rik,f
A130010J15Rik,a
A1bg,e
A2m,e
A430033K04Rik,d
A530016L24Rik,e
A630089N07Rik,f
A730046J19Rik,f
AA986860,a
AI467606,f
AI837181,e
AI987944,f
AU021092,a
AU040320,b
AW146154,f
AW551984,b
AW554918,c
Aaas,b
Aagab,b
Aak1,b
Aamdc,e
Aar2,e
Aard,f
Aars2,c
Aass,e
Aatf,d
Abat,c
Abca12,f
Abca6,b
Abca7,b
Abca8b,c
Abca9,a
Abcb10,a
Abcb1a,f
Abcb1b,a
Abcb6,c
Abcb7,b
Abcb8,c
Abcc1,c
Abcc10,b
Abcc3,f
Abcc9,a
Abcd1,c
Abcd2,b
Abcg1,f
Abcg2,a
Abcg3,a
Abcg4,b
Abcg5,c
Abhd10,f
Abhd13,b
Abhd14b,e
Abhd15,b
Abhd16a,b
Abhd2,b
Abhd3,f
Abhd6,f
Abhd8,d
Abi3,a
Abi3bp,f
Abl1,b
Ablim1,f
Ablim2,b
Abr,b
Abracl,a
Abt1,e
Abtb1,c
Acaa1a,d
Acaa1b,e
Acacb,d
Acad8,e
Acadm,f
Acap3,b
Acat1,e
Acat2,a
Acat3,b
Acbd3,f
Accs,d
Ace2,a
Acer2,a
Acer3,f
Ache,a
Ackr1,a
Ackr3,a
Acly,b
Acmsd,a
Acnat1,a
Acot1,c
Acot11,b
Acot13,f
Acot3,d
Acot6,d
Acot7,f
Acox3,b
Acp5,a
Acp6,e
Acsbg1,d
Acsf2,c
Acsf3,c
Acsl5,f
Acsm3,e
Acss1,b
Acss2,f
Acss3,a
Acta1,a
Acta2,a
Actc1,a
Actg2,a
Actn1,a
Actn3,d
Actn4,b
Actr1a,c
Actr1b,b
Actr3b,e
Actr6,b
Acvr1b,b
Acvr1c,f
Acy1,c
Acy3,e
Acyp1,f
Acyp2,e
Adad1,f
Adad2,c
Adam11,b
Adam12,a
Adam15,b
Adam19,a
Adam22,a
Adam23,a
Adam8,b
Adam9,b
Adamts1,c
Adamts10,c
Adamts15,a
Adamts16,e
Adamts17,e
Adamts18,a
Adamts19,e
Adamts3,a
Adamts4,b
Adamts5,a
Adamts7,c
Adamts8,b
Adamts9,b
Adamtsl1,a
Adamtsl3,c
Adamtsl4,a
Adap2,a
Adar,b
Adarb1,a
Adat2,e
Adat3,c
Adck5,e
Adcy1,a
Adcy10,b
Adcy2,f
Adcy3,d
Adcy4,b
Adcy6,f
Adcy7,a
Add2,a
Add3,e
Adgra2,f
Adgra3,a
Adgre1,a
Adgrf5,e
Adgrg2,e
Adgrl1,b
Adgrl3,b
Adh1,a
Adh7,a
Adipor2,b
Adk,e
Adm,c
Adnp2,b
Adora1,d
Adora2a,a
Adprhl1,c
Adprm,e
Adra1d,a
Adra2b,a
Adrb2,a
Aen,b
Afap1l1,c
Aff1,b
Aff3,b
Afmid,e
Afp,a
Aga,f
Agbl3,e
Agbl5,c
Agfg2,b
Agk,e
Agl,b
Ago2,b
Ago4,f
Agpat1,b
Agpat4,b
Agpat5,f
Agps,a
Agrn,b
Agtpbp1,a
Agtr1a,e
Agtr2,a
Agtrap,e
Ahdc1,b
Ahr,a
Ahsg,c
Aif1,a
Aif1l,a
Aifm1,f
Aifm2,d
Aig1,b
Aim2,c
Aimp1,f
Aip,f
Ajuba,b
Ak5,a
Ak7,f
Ak8,e
Akap1,c
Akap12,a
Akap17b,f
Akap7,f
Akap9,e
Akip1,f
Akna,b
Akr1b10,e
Akr1b7,e
Akr1b8,e
Akr1c12,a
Akr1c13,f
Akr1c14,e
Akr1c18,d
Akr1c19,a
Akr1cl,c
Akr1e1,f
Akt2,b
Aktip,f
Alas2,a
Alcam,e
Aldh16a1,b
Aldh18a1,c
Aldh1a1,f
Aldh1a2,d
Aldh1a3,d
Aldh1a7,d
Aldh1l1,e
Aldh3b2,a
Aldh3b3,f
Aldh6a1,e
Aldh9a1,d
Aldoc,e
Alg1,e
Alg10b,a
Alg11,a
Alg13,f
Alg3,e
Alg5,f
Alkbh2,d
Alkbh3,d
Alkbh4,c
Alkbh5,a
Alkbh6,e
Alkbh7,e
Alox5,a
Alox5ap,a
Alpl,b
Alppl2,b
Als2,b
Als2cl,c
Alx1,a
Alyref2,e
Amacr,f
Ambp,a
Ambra1,b
Amdhd2,c
Amer2,b
Amh,a
Amhr2,d
Amigo2,e
Amn1,f
Amotl2,a
Ampd2,b
Ampd3,b
Amph,e
Anapc1,b
Anapc13,e
Anapc16,f
Angel1,b
Angpt1,a
Angpt2,a
Angpt4,c
Angptl1,f
Angptl4,c
Angptl6,f
Angptl7,f
Ank,f
Ank1,a
Ank2,a
Ank3,e
Ankfy1,c
Ankle1,a
Ankmy2,f
Ankra2,f
Ankrd1,a
Ankrd10,e
Ankrd11,f
Ankrd12,f
Ankrd13a,f
Ankrd13c,b
Ankrd13d,d
Ankrd17,f
Ankrd26,e
Ankrd29,f
Ankrd33b,a
Ankrd34a,c
Ankrd35,d
Ankrd39,d
Ankrd40,e
Ankrd44,a
Ankrd45,c
Ankrd49,f
Ankrd52,b
Ankrd54,e
Ankrd63,a
Anks1,b
Anln,a
Ano1,e
Ano6,b
Anp32a,c
Anp32b,a
Anp32e,b
Anpep,d
Antxr1,e
Anxa1,f
Anxa2,e
Anxa3,a
Anxa4,e
Anxa6,d
Aox3,f
Ap1b1,b
Ap1s1,b
Ap2a1,b
Ap2a2,b
Ap2b1,c
Ap2m1,a
Ap4e1,f
Ap4m1,c
Ap5b1,c
Ap5s1,e
Ap5z1,c
Apaf1,b
Apba2,a
Apba3,c
Apbb1,c
Apbb1ip,a
Apbb3,c
Apcdd1,e
Apeh,c
Apela,a
Apex2,b
Aph1a,c
Aph1b,e
Api5,a
Apip,f
Aplp1,a
Apobec1,a
Apoc1,e
Apoc4,e
Apol10b,f
Apold1,f
Apoo,f
App,f
Appl2,f
Aptx,f
Aqp1,e
Aqp11,e
Aqp2,c
Aqp3,a
Aqp5,b
Aqp8,a
Aqr,c
Arap1,c
Arap2,f
Arap3,b
Arel1,b
Arf5,b
Arf6,a
Arfgap1,b
Arfgap3,e
Arfgef2,b
Arg1,f
Arhgap11a,a
Arhgap12,e
Arhgap17,b
Arhgap19,a
Arhgap25,a
Arhgap26,e
Arhgap27,a
Arhgap28,b
Arhgap29,d
Arhgap30,a
Arhgap31,a
Arhgap33,b
Arhgap39,b
Arhgap42,d
Arhgap44,f
Arhgap9,a
Arhgdia,b
Arhgdib,a
Arhgdig,e
Arhgef1,b
Arhgef10,c
Arhgef10l,a
Arhgef11,f
Arhgef12,f
Arhgef16,b
Arhgef18,c
Arhgef2,c
Arhgef26,b
Arhgef28,f
Arhgef3,e
Arhgef39,a
Arhgef4,e
Arhgef40,b
Arhgef5,b
Arhgef6,a
Arhgef7,b
Arhgef9,a
Arid1b,f
Arid3a,a
Arid3b,a
Arid4a,f
Arid4b,f
Arid5a,b
Arid5b,f
Arl10,c
Arl14ep,f
Arl15,f
Arl16,e
Arl2,f
Arl3,f
Arl4a,f
Arl4c,c
Arl4d,e
Arl5a,f
Arl5b,a
Arl6ip1,f
Arl6ip5,f
Armc5,b
Armc6,c
Armcx1,e
Armcx2,c
Armcx5,f
Armcx6,e
Armt1,b
Arnt,b
Arntl2,d
Arpc1b,e
Arpc2,f
Arrb1,a
Arrb2,b
Arrdc2,c
Arrdc4,e
Arsa,c
Arsb,a
Arsg,b
Arsk,f
Art1,e
Art3,a
Art4,a
Arvcf,b
Arx,e
Arxes2,d
As3mt,e
Asap2,b
Asb2,a
Asb4,a
Asb6,b
Ascc1,e
Ascc2,c
Ascl1,a
Asic1,a
Asic4,b
Asl,e
Asns,b
Aspa,f
Asph,b
Aspm,a
Aspscr1,c
Ass1,d
Aste1,e
Asxl3,b
Asz1,f
Atad2,a
Atad3a,c
Atat1,e
Atf5,c
Atf6b,b
Atf7,a
Atf7ip2,f
Atg10,f
Atg12,f
Atg14,e
Atg2a,b
Atg4b,e
Atg4c,f
Atg4d,b
Atg5,f
Atg7,c
Atg9a,b
Atg9b,a
Atic,c
Atm,e
Atn1,b
Atoh8,b
Atox1,e
Atp10a,a
Atp13a1,b
Atp13a2,b
Atp13a3,e
Atp1a1,b
Atp1a2,a
Atp1a3,a
Atp1b1,e
Atp2a1,c
Atp2a3,b
Atp2c2,a
Atp4a,e
Atp5e,d
Atp5g1,e
Atp5j2,e
Atp5k,f
Atp5l,e
Atp6ap1l,e
Atp6v0a1,b
Atp6v0b,f
Atp6v0e,f
Atp6v1d,f
Atp6v1f,f
Atp6v1g1,f
Atp8b1,a
Atp8b4,e
Atp8b5,f
Atpif1,f
Atr,e
Atraid,f
Atrx,f
Atxn1,f
Atxn1l,a
Atxn2l,b
Atxn3,a
Atxn7l2,b
Atxn7l3,b
Atxn7l3b,f
Aurka,a
Aurkb,a
Auts2,b
Avpi1,e
Avpr1a,a
Axin1,f
Axin2,e
Axl,b
Azin1,b
B230217C12Rik,e
B230307C23Rik,e
B3galnt1,e
B3gat1,e
B3gnt5,a
B3gnt7,d
B3gnt8,c
B4galnt1,a
B4galnt2,a
B4galnt4,b
B4galt1,f
B4galt4,e
B4galt5,c
B4galt6,a
B4gat1,e
B630019K06Rik,b
B9d1,e
B9d2,f
BC003965,e
BC004004,f
BC005537,a
BC005624,f
BC028528,f
BC029722,e
BC031181,f
BC035044,a
BC049762,f
BC051142,f
Bace2,d
Bach1,a
Bad,d
Bag3,c
Bag4,b
Bag5,f
Bag6,b
Bahcc1,b
Bahd1,b
Baiap2,f
Baiap2l1,e
Bak1,c
Bambi,c
Bank1,a
Bap1,b
Bard1,a
Barx2,a
Basp1,a
Baz1a,f
Baz1b,a
Baz2a,b
Bbc3,b
Bbs2,e
Bbs4,f
Bbs5,f
Bbx,f
Bcam,c
Bcap29,f
Bcap31,f
Bcar1,b
Bcar3,d
Bcas2,f
Bcat1,f
Bche,f
Bckdha,d
Bcl10,a
Bcl11a,a
Bcl11b,e
Bcl2,c
Bcl2a1d,a
Bcl2l1,a
Bcl2l11,b
Bcl2l13,b
Bcl2l2,f
Bcl6,e
Bcl7a,b
Bcl9,b
Bcl9l,b
Bcor,b
Bcorl1,c
Bcr,e
Bcs1l,e
Bdh2,e
Bdnf,a
Bean1,f
Becn1,f
Bend3,b
Bend4,a
Best1,e
Bet1l,f
Bex1,a
Bex2,d
Bex4,f
Bfar,e
Bhlhe41,f
Bhmt,d
Bicc1,a
Bicd2,b
Bid,e
Bin2,a
Birc5,a
Blm,b
Bloc1s1,e
Bloc1s4,f
Blvra,f
Bmf,a
Bmp4,a
Bmp5,c
Bmp7,c
Bmper,a
Bmpr1a,f
Bmpr2,f
Boc,d
Bod1,f
Bod1l,f
Bok,d
Bola1,e
Bola2,d
Bola3,f
Boll,f
Bop1,c
Bpgm,a
Bphl,e
Bpifb4,f
Bpifb5,f
Bptf,f
Braf,a
Brap,b
Brat1,c
Brca2,f
Brd1,f
Brd2,a
Brd3,f
Brinp1,a
Brip1,a
Brms1l,f
Brpf1,b
Brpf3,a
Brwd3,b
Bsdc1,b
Bst2,d
Btbd10,f
Btbd11,b
Btbd2,f
Btbd6,d
Btc,e
Btk,a
Bub1,a
Bub1b,a
Bves,a
C130074G19Rik,e
C1d,f
C1galt1c1,a
C1qa,a
C1qb,a
C1qc,a
C1qtnf3,a
C1qtnf4,d
C1ra,d
C1rb,d
C1rl,e
C1s1,e
C2,e
C2cd2,b
C2cd2l,a
C2cd3,b
C2cd4b,a
C2cd5,a
C3ar1,a
C5ar1,a
C7,a
C87436,f
Caap1,a
Cab39,f
Cabin1,c
Cables2,f
Cachd1,b
Cacna1d,e
Cacna1h,c
Cacnb4,f
Cacng5,e
Cacng8,c
Cactin,c
Cad,c
Cadps,c
Cage1,f
Calb1,f
Calcrl,f
Calhm2,d
Calm1,f
Calm2,f
Calm3,b
Caln1,e
Calr3,f
Calu,b
Caly,d
Camk1d,a
Camk2d,b
Camk2g,e
Camk2n1,a
Camkk1,b
Camkk2,b
Camkv,a
Caml,f
Camsap3,b
Camta2,b
Cand1,b
Cand2,b
Cant1,b
Cap1,b
Capn1,c
Capn10,c
Capn15,b
Capn5,b
Capn6,a
Capns1,b
Caprin1,b
Caprin2,e
Car11,a
Car12,a
Car2,a
Car3,a
Car9,f
Card10,b
Card11,c
Card9,b
Casc3,b
Caskin1,b
Caskin2,c
Casp1,a
Casp12,e
Casp2,c
Casp3,c
Casp6,f
Casp7,e
Casp8,e
Casp9,c
Casq1,b
Cast,e
Cav1,e
Cbfa2t3,b
Cbfb,a
Cbl,b
Cblb,b
Cbln1,a
Cbln4,a
Cbr1,e
Cbr3,d
Cbr4,e
Cbs,c
Cbwd1,f
Cbx2,b
Cbx5,a
Cbx6,b
Cby1,d
Cc2d1a,c
Cc2d1b,c
Cc2d2a,e
Ccar2,b
Ccbe1,e
Ccdc106,e
Ccdc107,e
Ccdc112,f
Ccdc113,f
Ccdc115,e
Ccdc12,e
Ccdc120,b
Ccdc122,f
Ccdc125,e
Ccdc126,e
Ccdc136,e
Ccdc142,c
Ccdc152,f
Ccdc157,b
Ccdc163,a
Ccdc166,d
Ccdc167,f
Ccdc171,e
Ccdc172,f
Ccdc181,f
Ccdc22,c
Ccdc25,f
Ccdc28a,f
Ccdc28b,f
Ccdc3,a
Ccdc30,b
Ccdc32,e
Ccdc40,c
Ccdc42,d
Ccdc50,a
Ccdc51,e
Ccdc59,f
Ccdc61,c
Ccdc62,f
Ccdc66,f
Ccdc69,f
Ccdc73,f
Ccdc8,c
Ccdc85b,d
Ccdc88c,b
Ccdc90b,f
Ccdc97,b
Cck,e
Ccl12,a
Ccl2,a
Ccl24,a
Ccl27a,e
Ccl3,a
Ccl4,b
Ccl6,a
Ccl7,a
Ccl9,a
Ccna2,a
Ccnb1,a
Ccnb1ip1,f
Ccnb2,a
Ccnb3,f
Ccnd1,a
Ccnd2,f
Ccnd3,b
Ccne1,a
Ccne2,a
Ccnf,b
Ccng2,a
Ccnh,f
Ccni,a
Ccnj,a
Ccnjl,b
Ccnk,c
Ccnl2,a
Ccny,c
Ccnyl1,f
Ccp110,a
Ccr1,a
Ccrl2,a
Ccs,e
Ccser2,f
Cd14,a
Cd151,d
Cd164l2,e
Cd180,a
Cd1d1,f
Cd200,f
Cd200r1,a
Cd248,a
Cd24a,a
Cd276,b
Cd2ap,b
Cd2bp2,b
Cd300a,a
Cd320,e
Cd34,a
Cd36,b
Cd38,a
Cd44,f
Cd52,a
Cd53,a
Cd55,b
Cd59a,f
Cd63,e
Cd68,a
Cd81,e
Cd82,e
Cd84,a
Cd86,a
Cd9,f
Cd93,a
Cdadc1,f
Cdc14b,f
Cdc20,b
Cdc25b,b
Cdc25c,a
Cdc26,e
Cdc34,b
Cdc42bpa,b
Cdc42bpb,c
Cdc42ep1,b
Cdc42ep3,a
Cdc42ep4,c
Cdc42ep5,e
Cdc42se1,b
Cdc45,a
Cdc5l,e
Cdc6,b
Cdc7,b
Cdca2,a
Cdca3,a
Cdca5,a
Cdca7,c
Cdca8,a
Cdh1,a
Cdh10,a
Cdh11,a
Cdh13,a
Cdh18,a
Cdh19,a
Cdh23,e
Cdh24,b
Cdh26,a
Cdh3,b
Cdh6,a
Cdh8,a
Cdh9,b
Cdip1,c
Cdipt,e
Cdk1,a
Cdk11b,f
Cdk14,e
Cdk16,c
Cdk19,b
Cdk2ap2,f
Cdk5,e
Cdk5r1,b
Cdk6,d
Cdk7,f
Cdk8,f
Cdk9,f
Cdkl2,e
Cdkn1a,c
Cdkn1b,f
Cdkn2c,a
Cdkn3,a
Cdon,c
Cdr2,a
Cdr2l,d
Cdt1,c
Cdx2,a
Cdyl2,e
Ceacam1,f
Cebpb,b
Cebpd,b
Cebpe,d
Cebpzos,f
Cecr2,a
Cela1,f
Celf1,b
Celf2,f
Celf3,a
Cenpa,a
Cenpb,d
Cenpe,a
Cenpf,a
Cenph,a
Cenpi,b
Cenpu,a
Cenpv,e
Cep112,e
Cep126,e
Cep131,c
Cep135,a
Cep162,f
Cep170,a
Cep170b,c
Cep19,f
Cep295,a
Cep350,f
Cep55,a
Cep68,c
Cep76,b
Cep89,b
Cercam,d
Cerk,c
Cers4,f
Ces1d,a
Ces2g,e
Cetn2,f
Cetn3,f
Cetn4,f
Cfap126,e
Cfap20,f
Cfap36,e
Cfap45,f
Cfap57,a
Cfap70,e
Cfap74,c
Cfh,f
Cflar,f
Cfp,a
Cftr,a
Cga,a
Cgn,f
Cgref1,c
Ch25h,c
Chac2,a
Chaf1a,b
Chaf1b,c
Chchd1,e
Chchd10,f
Chchd5,e
Chchd6,e
Chchd7,f
Chd1,b
Chd3,b
Chd7,b
Chd9,f
Cherp,b
Chfr,a
Chga,a
Chgb,a
Chic1,a
Chid1,e
Chit1,e
Chmp2a,f
Chn1,a
Chn2,f
Chodl,f
Chp2,e
Chpf,b
Chpf2,b
Chrac1,f
Chrd,a
Chrdl1,a
Chrdl2,a
Chrm4,c
Chrna3,a
Chrna4,a
Chst15,c
Chst4,b
Chst7,b
Chst9,f
Chsy1,f
Chtf18,b
Chtf8,b
Churc1,e
Ciao1,e
Cib1,f
Cib2,e
Cic,b
Cideb,d
Cilp2,c
Cinp,e
Cipc,b
Cir1,f
Cisd1,f
Cisd2,a
Cisd3,d
Cish,e
Cit,a
Cited1,f
Ciz1,b
Ckap2,a
Ckap2l,a
Ckap5,a
Ckb,a
Cklf,e
Cks2,a
Clasp1,b
Clasrp,c
Clca1,a
Clca3a1,e
Clcn2,c
Clcn3,f
Clcn5,b
Clcn6,b
Clcn7,c
Cldn11,c
Cldn12,b
Cldn13,a
Cldn15,f
Cldn18,a
Cldn23,a
Cldn3,a
Cldn4,a
Cldn6,a
Cldn7,a
Cldn9,a
Clec10a,a
Clec11a,e
Clec2l,d
Clec4a1,b
Clec4a2,a
Clec4a3,a
Clec4n,b
Clec5a,a
Clec7a,a
Clic1,f
Clic4,a
Clic5,a
Clic6,a
Clint1,f
Clip2,c
Clip3,c
Clk1,f
Clk2,f
Clmn,a
Clmp,a
Cln3,e
Cln8,b
Clock,f
Clpp,d
Clptm1,b
Clpx,f
Clspn,a
Clstn2,f
Clstn3,b
Cltb,a
Cltc,b
Clu,f
Cluap1,f
Cluh,b
Clybl,e
Cma1,f
Cmas,a
Cmbl,e
Cmc1,e
Cmc2,e
Cmc4,f
Cmklr1,a
Cmpk2,a
Cmtm2a,b
Cmtm3,d
Cmtm6,e
Cmtm8,a
Cnep1r1,f
Cnga1,b
Cnih2,a
Cnksr3,b
Cnn1,a
Cnn2,a
Cnn3,f
Cnnm2,e
Cnot1,c
Cnot11,a
Cnot3,b
Cnot6,a
Cnppd1,c
Cnpy2,e
Cnpy4,f
Cnrip1,e
Cnst,b
Cntd1,f
Cntfr,a
Cntln,e
Cntn1,f
Cntn4,e
Cntn5,a
Cntnap1,c
Cntnap5a,b
Cntrl,a
Cntrob,b
Coa3,f
Coa6,f
Cobl,a
Cobll1,a
Coch,f
Cog1,b
Cog5,e
Cog6,f
Col11a1,a
Col11a2,a
Col12a1,c
Col13a1,b
Col16a1,c
Col18a1,c
Col1a1,a
Col1a2,a
Col22a1,c
Col25a1,a
Col26a1,c
Col2a1,a
Col3a1,a
Col4a1,b
Col4a2,b
Col4a5,b
Col4a6,a
Col5a1,b
Col5a3,a
Col6a2,d
Col8a1,a
Col8a2,a
Col9a1,a
Col9a2,c
Colq,e
Commd1,e
Commd10,f
Commd2,f
Commd3,f
Commd5,d
Commd6,f
Commd7,e
Commd9,e
Coprs,f
Copz2,f
Coq9,d
Corin,a
Coro1a,a
Coro1c,b
Coro2a,a
Coro7,c
Cotl1,b
Cox10,e
Cox14,f
Cox16,e
Cox17,f
Cox4i2,c
Cox5b,f
Cox6a1,d
Cox6a2,f
Cox6b1,e
Cox6b2,d
Cox6c,f
Cox7a1,f
Cox7a2l,e
Cox7c,f
Cox8a,d
Cpa1,c
Cpa2,d
Cpd,f
Cpe,f
Cpeb1,f
Cpeb2,a
Cpeb3,f
Cplx2,a
Cpm,a
Cpn1,a
Cpne1,b
Cpne2,b
Cpne3,e
Cpne4,f
Cpne5,d
Cpne8,b
Cpox,a
Cpq,e
Cpsf1,c
Cpsf4,b
Cpsf6,b
Cpsf7,b
Cpt1a,d
Cpt1b,c
Cpt2,e
Cr1l,f
Crabp1,a
Crabp2,c
Cracr2b,f
Cradd,f
Crb2,b
Crb3,a
Crcp,f
Creb1,a
Creb3,e
Creb3l2,b
Creb5,a
Crebrf,f
Creg1,e
Creld1,c
Crem,f
Crip3,e
Cript,f
Crispld1,a
Crispld2,a
Crkl,b
Crlf1,a
Crls1,f
Crmp1,a
Crot,d
Crtc1,b
Crtc2,b
Cry1,b
Cry2,c
Cryab,f
Cryba4,a
Crybb1,d
Crybg3,f
Crygb,f
Cryl1,d
Cryzl1,f
Csdc2,b
Cse1l,b
Csf1,a
Csf1r,a
Csf2rb,a
Csf3r,a
Csgalnact1,d
Csgalnact2,e
Csnk1d,b
Csnk1g2,f
Csnk2a2,f
Cspg4,a
Csrnp1,a
Csrnp2,b
Csrp1,a
Csrp2,a
Cst12,f
Cst13,e
Cst3,e
Cst8,e
Cst9,a
Cstad,f
Cstb,e
Cstf2,b
Cstf2t,a
Ctbs,e
Ctc1,c
Ctdnep1,f
Ctdp1,b
Ctdspl,f
Ctf1,e
Cth,d
Ctla2b,a
Ctnna2,f
Ctnna3,b
Ctnnal1,f
Ctnnbip1,e
Ctnnd2,a
Ctns,e
Ctps2,e
Ctrb1,b
Ctrl,b
Ctsc,a
Ctse,f
Ctsh,e
Ctsk,e
Ctsl,e
Ctso,e
Ctss,a
Ctsz,e
Cttnbp2,f
Cttnbp2nl,c
Ctxn1,d
Ctxn3,e
Cul4b,b
Cul5,f
Cul7,b
Cuta,d
Cutal,e
Cutc,f
Cux1,b
Cux2,a
Cwc25,f
Cwc27,f
Cx3cl1,c
Cx3cr1,a
Cxadr,a
Cxcl12,a
Cxcl13,a
Cxcl16,a
Cxxc1,b
Cyb561,a
Cyb5a,e
Cyb5b,c
Cyb5d2,f
Cyb5r1,e
Cyba,e
Cybb,a
Cyfip2,d
Cyhr1,e
Cyp11a1,a
Cyp11b1,e
Cyp17a1,e
Cyp1b1,b
Cyp21a1,a
Cyp26b1,a
Cyp2f2,f
Cyp2j6,e
Cyp2j9,e
Cyp2s1,c
Cyp4f13,e
Cyp4f14,e
Cyp4f15,d
Cyp4f16,d
Cyp4v3,e
Cyp51,b
Cyp7b1,e
Cysltr1,a
Cyth1,c
Cyth4,a
Cytip,f
D030056L22Rik,a
D1Pas1,f
D430019H16Rik,b
D630039A03Rik,c
D830030K20Rik,a
Dab1,d
Dab2,a
Dach1,f
Dach2,a
Dact1,a
Dact2,b
Dad1,d
Dag1,b
Dagla,b
Dapk1,b
Dapk2,f
Dapk3,a
Dapp1,e
Daxx,c
Dazap1,b
Dazl,f
Dbf4,a
Dbh,a
Dbi,d
Dbn1,c
Dbndd1,b
Dbndd2,f
Dbp,e
Dbt,f
Dcaf12l1,e
Dcaf12l2,f
Dcaf13,e
Dcaf4,e
Dcaf5,f
Dcbld1,e
Dcbld2,f
Dchs1,b
Dck,a
Dclk1,a
Dclk2,a
Dclre1b,b
Dcp1a,b
Dcp2,b
Dct,c
Dctn1,b
Dctn3,f
Dctn5,f
Dctn6,f
Dcun1d3,a
Dcxr,e
Ddah1,b
Ddb1,b
Ddb2,e
Ddc,a
Ddhd1,f
Ddhd2,f
Ddi2,b
Ddias,a
Ddit3,e
Ddr1,b
Ddr2,a
Ddrgk1,e
Ddx10,f
Ddx17,b
Ddx19a,c
Ddx23,b
Ddx4,f
Ddx51,c
Ddx52,f
Ddx54,c
Ddx55,e
Ddx6,a
Deaf1,e
Decr1,e
Decr2,f
Def8,c
Defb19,f
Defb42,e
Defb7,c
Degs1,f
Dennd1a,b
Dennd1c,a
Dennd2a,c
Dennd2c,a
Dennd2d,e
Dennd4b,b
Dennd4c,e
Dennd5a,e
Dennd5b,a
Dennd6a,b
Denr,f
Depdc1a,a
Depdc1b,b
Depdc5,b
Deptor,f
Derl3,f
Des,a
Desi1,b
Dffb,d
Dgat2,b
Dgcr2,c
Dgcr6,e
Dgcr8,b
Dgkd,b
Dgkk,a
Dgkq,c
Dgkz,a
Dguok,e
Dhcr24,b
Dhh,a
Dhodh,e
Dhrs7,f
Dhrs7b,e
Dhx15,b
Dhx16,b
Dhx30,b
Dhx32,f
Dhx33,c
Dhx34,c
Dhx36,f
Dhx37,c
Dhx38,b
Dhx9,c
Dio3,e
Dip2a,c
Dis3l,b
Dis3l2,c
Disp2,a
Dixdc1,c
Dkk1,a
Dkk2,a
Dlat,b
Dlg3,f
Dlg4,b
Dlgap2,c
Dlgap3,c
Dlgap5,a
Dlk1,a
Dll1,a
Dlx2,a
Dmap1,e
Dmc1,f
Dmd,d
Dmpk,c
Dmrt1,a
Dmrt2,c
Dmrt3,b
Dmrtc1a,f
Dmrtc1c1,f
Dmrtc1c2,f
Dmrtc2,f
Dmtn,a
Dna2,b
Dnaaf1,f
Dnaaf5,c
Dnah1,c
Dnah7b,c
Dnaja4,f
Dnajb5,b
Dnajc1,e
Dnajc12,a
Dnajc15,f
Dnajc16,c
Dnajc17,f
Dnajc19,f
Dnajc21,f
Dnajc28,f
Dnajc30,d
Dnajc4,e
Dnase1l3,a
Dner,a
Dnm2,b
Dnm3,a
Dnmbp,c
Dnmt1,b
Dnmt3a,f
Doc2a,b
Doc2b,e
Dock1,b
Dock10,a
Dock2,e
Dock4,b
Dock6,a
Dock8,b
Dock9,b
Dok1,b
Dok2,a
Dok3,a
Dok4,b
Dok5,a
Dok7,c
Donson,b
Dot1l,b
Dpcd,f
Dpep2,f
Dpf1,c
Dpf3,b
Dph2,c
Dph7,f
Dpm3,f
Dpp10,d
Dpp3,c
Dpp7,e
Dpp9,b
Dpyd,f
Dpysl3,a
Dpysl4,b
Dpysl5,a
Drosha,b
Drp2,b
Dsc2,b
Dse,a
Dsg2,a
Dsn1,a
Dsp,b
Dtd1,e
Dtd2,e
Dtl,a
Dtnbp1,e
Dtwd1,f
Dtx1,e
Dtx2,b
Dtx3,c
Dtx4,a
Dus2,f
Dus3l,c
Dusp1,e
Dusp10,a
Dusp12,e
Dusp19,f
Dusp23,f
Dusp26,b
Dusp27,b
Dusp28,d
Dusp4,a
Dusp6,a
Dusp8,a
Dusp9,c
Dvl1,e
Dvl2,b
Dxo,b
Dym,e
Dync1i1,f
Dync2li1,e
Dynlrb1,f
Dynlt1b,e
Dynlt1c,e
Dynlt3,f
Dyrk1b,b
Dyrk3,b
Dysf,c
Dzip1l,c
E130114P18Rik,c
E130308A19Rik,e
E130311K13Rik,e
E2f2,a
E2f3,b
E2f4,a
E2f7,a
E2f8,b
Eaf1,a
Eaf2,f
Eapp,f
Ebf1,a
Ebf4,e
Ebp,f
Ebpl,e
Ece1,d
Ecel1,b
Ech1,e
Echdc2,d
Echdc3,e
Eci1,d
Eci2,d
Ecm1,a
Ect2,a
Edar,d
Edaradd,f
Edc3,b
Edc4,b
Edem1,b
Edil3,a
Edn1,a
Edn2,e
Edn3,f
Ednra,b
Ednrb,a
Eea1,f
Eef1b2,b
Eef1g,d
Eef2kmt,e
Eepd1,e
Efcab1,e
Efcab11,a
Efcab12,d
Efcab14,f
Efcab2,e
Efcab7,e
Efhc1,e
Efhc2,e
Efhd1,e
Efhd2,a
Efna1,d
Efna3,b
Efna5,a
Efnb1,b
Efnb2,a
Efnb3,b
Efs,b
Eftud2,b
Egfl6,e
Egfr,e
Egln1,f
Egln2,c
Ehbp1l1,a
Ehd1,b
Ehd2,d
Ehd3,f
Ehd4,a
Ehmt1,b
Ehmt2,b
Eid2,f
Eid2b,e
Eif2ak1,b
Eif2ak2,e
Eif2ak3,b
Eif2b2,e
Eif2b3,f
Eif2b5,b
Eif2s3x,c
Eif3b,b
Eif3f,d
Eif4a2,e
Eif4e,f
Eif4e2,e
Eif4ebp2,b
Eif4g1,b
Eif4g2,b
Eif4h,b
Eif5a,a
Eif5a2,a
Eif5b,f
Elac2,b
Elavl1,b
Elavl2,a
Elavl3,a
Elavl4,a
Elf1,f
Elf4,b
Elfn1,c
Elk1,b
Ell,c
Ell2,a
Elmo1,a
Elmo2,b
Elof1,e
Elovl1,f
Elovl2,f
Elovl4,b
Elovl5,e
Elovl6,b
Emb,a
Emc2,f
Emc4,f
Emc6,e
Emc7,f
Emc9,f
Emd,c
Eme1,a
Emg1,e
Emid1,c
Emilin1,b
Emilin2,a
Emilin3,c
Eml1,b
Eml2,c
Eml3,c
Eml4,b
Eml5,a
Emp1,c
Emp2,f
Emp3,f
Emx2,b
Enc1,a
Endog,e
Endov,c
Engase,b
Enox1,d
Enox2,f
Enpp1,a
Enpp2,f
Enpp3,a
Enpp4,f
Enpp5,f
Entpd4,b
Entpd5,c
Entpd6,c
Entpd7,a
Eny2,f
Ep400,c
Epas1,a
Epdr1,e
Epha2,c
Epha3,a
Ephb1,d
Ephb2,e
Ephb3,a
Ephb4,c
Ephb6,c
Ephx1,f
Ephx2,e
Epm2aip1,a
Epn1,b
Epor,a
Epsti1,f
Epx,e
Erap1,f
Erbb2,c
Erbb3,a
Erc1,b
Ercc2,b
Ercc4,e
Ercc6,b
Ercc6l,b
Ereg,c
Erf,a
Ergic1,b
Eri1,b
Eri3,e
Ermap,a
Ermard,f
Ermp1,d
Ern1,c
Errfi1,b
Esam,f
Esf1,f
Espl1,b
Espn,d
Esr1,e
Esrp1,a
Esrp2,c
Esrrg,a
Esyt1,b
Etfa,f
Etfdh,d
Etnk1,a
Etnk2,c
Etnppl,c
Ets1,f
Etv1,f
Etv2,a
Etv3,a
Etv4,a
Etv5,a
Etv6,b
Eva1a,a
Eva1b,d
Evc2,c
Evi2a,a
Evi2b,a
Evi5l,b
Ewsr1,b
Exo1,b
Exoc3l,d
Exoc3l4,e
Exoc6,a
Exoc6b,b
Exoc8,f
Exosc1,f
Exosc4,e
Exosc7,e
Ext1,f
Extl2,f
Extl3,b
Eya1,a
Eya3,c
Eya4,a
F11r,c
F13a1,a
F2r,a
F2rl1,a
F2rl2,b
F3,a
Faah,d
Faap100,c
Faap20,e
Fabp3,e
Fabp5,b
Fabp7,f
Fadd,f
Fads1,b
Faf1,b
Fahd2a,e
Faim,e
Faim2,b
Fam102a,b
Fam102b,e
Fam110a,c
Fam110b,c
Fam110c,f
Fam111a,a
Fam114a2,f
Fam117a,a
Fam117b,f
Fam122b,a
Fam124a,e
Fam135a,e
Fam13a,d
Fam13c,e
Fam163a,a
Fam168a,a
Fam169a,a
Fam169b,e
Fam171b,a
Fam174a,e
Fam174b,a
Fam178b,f
Fam181b,c
Fam183b,a
Fam184b,e
Fam187b,e
Fam193a,e
Fam199x,a
Fam204a,f
Fam20c,a
Fam210b,a
Fam216a,f
Fam217b,a
Fam219a,a
Fam220a,b
Fam221a,e
Fam222b,b
Fam32a,e
Fam3a,c
Fam43a,a
Fam53c,c
Fam76b,b
Fam78a,a
Fam83g,c
Fam83h,b
Fam98a,b
Fam98b,f
Fam98c,c
Fanca,b
Fancd2,a
Fancg,b
Fanci,a
Fancl,e
Fancm,b
Fank1,f
Fap,f
Farp1,c
Fars2,e
Farsa,c
Fas,a
Fasn,c
Fastk,b
Fat4,d
Fbf1,c
Fbl,c
Fblim1,b
Fbln1,b
Fbln2,c
Fbln5,a
Fbln7,b
Fbn2,e
Fbrs,b
Fbxl13,f
Fbxl16,b
Fbxl17,f
Fbxl18,c
Fbxl19,b
Fbxl2,c
Fbxl22,a
Fbxl4,e
Fbxl5,f
Fbxl8,c
Fbxo10,c
Fbxo15,f
Fbxo16,e
Fbxo17,e
Fbxo2,c
Fbxo25,e
Fbxo3,f
Fbxo30,a
Fbxo36,f
Fbxo42,b
Fbxo47,f
Fbxo5,a
Fbxo7,e
Fbxw11,b
Fbxw17,e
Fbxw5,c
Fbxw7,f
Fcer1g,a
Fcgr1,a
Fcgr2b,f
Fcgr3,a
Fcgrt,f
Fcho1,c
Fcho2,a
Fchsd1,c
Fcna,a
Fcrls,a
Fdxr,d
Fech,a
Fem1a,b
Fem1b,a
Fen1,a
Fer1l4,c
Fermt3,a
Fes,b
Fetub,b
Fez1,f
Fez2,f
Fgd2,a
Fgf10,a
Fgf11,e
Fgf14,a
Fgf17,d
Fgf5,a
Fgf9,f
Fgfbp3,f
Fgfr1,b
Fgfr3,b
Fgfr4,a
Fggy,e
Fgl2,a
Fh1,d
Fhdc1,a
Fhit,e
Fhl2,a
Fhl4,f
Fhod1,b
Fhod3,d
Fibin,a
Figla,f
Fign,a
Fignl1,a
Fignl2,b
Fis1,f
Fitm2,b
Fiz1,c
Fkbp10,c
Fkbp11,d
Fkbp5,e
Fkbp6,f
Fkbp7,f
Fkbp8,b
Fkbp9,b
Fkrp,c
Fli1,a
Flna,b
Flnb,c
Flnc,c
Flot1,e
Flrt1,e
Flrt3,a
Flt3,b
Flywch1,c
Flywch2,e
Fmnl1,a
Fmnl3,b
Fmr1nb,f
Fn1,a
Fnbp1,b
Fnbp1l,b
Fnbp4,a
Fndc1,f
Fndc3c1,a
Fndc4,c
Fndc5,f
Fnip1,f
Fnta,f
Folr1,f
Folr2,a
Foxa3,a
Foxc1,a
Foxc2,a
Foxd1,a
Foxf1,a
Foxf2,a
Foxj1,b
Foxj2,f
Foxj3,a
Foxk1,a
Foxl1,a
Foxl2,e
Foxm1,a
Foxo3,c
Foxo4,b
Foxo6,f
Foxp2,a
Foxp4,a
Foxq1,a
Foxred2,b
Fra10ac1,f
Frem2,f
Frmd3,a
Frmd4a,a
Frmd4b,b
Frmd6,c
Frmd8,b
Frmpd1,c
Frs2,b
Frzb,a
Fscn1,c
Fsd1,b
Fst,e
Fstl4,a
Fubp1,b
Fuca1,f
Fuca2,e
Fundc1,f
Fundc2,e
Fuom,e
Furin,f
Fus,c
Fut10,e
Fut4,c
Fut8,e
Fuz,e
Fxr2,b
Fxyd1,f
Fxyd5,a
Fyb,a
Fzd1,b
Fzd2,a
Fzd4,a
Fzd7,a
Fzd9,a
Fzr1,b
G0s2,f
G3bp1,c
G6pc2,a
G6pdx,c
Gaa,c
Gab2,b
Gabbr1,b
Gabpb1,b
Gabpb2,a
Gabra1,a
Gabra3,a
Gabrb1,e
Gabrb2,a
Gadd45a,a
Gadd45b,e
Gadd45g,b
Gadd45gip1,e
Gak,b
Gal,a
Galc,b
Galk2,e
Galm,e
Galnt10,a
Galnt16,a
Galnt18,e
Galnt2,a
Galnt3,a
Galnt6,e
Galr3,a
Galt,e
Gamt,d
Ganc,e
Gap43,a
Gapdh,c
Gar1,b
Gars,b
Gart,c
Gas2,f
Gas2l1,b
Gas2l3,a
Gas6,e
Gas8,d
Gata1,a
Gata2,a
Gata4,b
Gata5,a
Gata6,a
Gatad2a,a
Gatad2b,b
Gatb,e
Gatm,f
Gba2,b
Gbp2b,a
Gbp6,f
Gbp9,f
Gcat,c
Gcc2,a
Gch1,a
Gchfr,e
Gclm,a
Gcnt1,a
Gcnt3,e
Gcsh,e
Gdap2,f
Gdf10,a
Gdf2,a
Gdf6,a
Gdf9,f
Gdpd2,d
Gdpd5,b
Gem,a
Gemin7,e
Gen1,a
Gfap,e
Gfi1b,a
Gfod2,d
Gfpt1,b
Gfpt2,b
Gfra1,a
Gfra3,c
Gga1,b
Gga2,b
Gga3,b
Ggact,f
Ggct,e
Ggh,f
Ggnbp2,f
Ggt5,f
Ggt7,a
Ggta1,a
Gigyf2,f
Gimap6,a
Gimap9,e
Gin1,f
Ginm1,f
Gipc2,a
Gja4,d
Gja5,a
Gjb3,d
Gjb4,d
Gjc1,a
Gk5,a
Gkap1,f
Glb1l2,e
Glb1l3,f
Glce,f
Gldn,d
Gle1,b
Gli1,a
Gli2,b
Gli3,f
Glipr1,a
Glipr2,a
Glo1,e
Glod4,e
Glod5,f
Glra1,b
Glrb,a
Glrx,e
Glrx5,a
Glt28d2,a
Glyr1,b
Gm10033,f
Gm10220,f
Gm10471,f
Gm10778,e
Gm1140,f
Gm13539,a
Gm14288,e
Gm14295,f
Gm14305,f
Gm14391,f
Gm14692,f
Gm15446,f
Gm1604b,c
Gm1673,d
Gm17660,e
Gm28042,d
Gm2897,b
Gm2a,f
Gm3435,f
Gm3604,e
Gm3636,a
Gm4951,f
Gm5617,e
Gm7694,b
Gm773,f
Gm826,e
Gm960,f
Gmeb2,b
Gmfb,a
Gmfg,a
Gmps,a
Gna11,f
Gna15,a
Gnai1,e
Gnai2,f
Gnal,f
Gnao1,a
Gnas,a
Gnb1,f
Gnb2,b
Gnb4,e
Gng10,c
Gng12,a
Gng13,d
Gng5,e
Gngt2,a
Gnpda1,d
Gnpda2,e
Golga1,e
Golga2,c
Golgb1,f
Golm1,b
Golph3,b
Golph3l,f
Gorasp1,c
Got1,d
Gp1bb,a
Gpalpp1,a
Gpank1,b
Gpat2,f
Gpbp1l1,a
Gpc1,b
Gpc2,c
Gpc3,a
Gpc4,e
Gpc6,b
Gpcpd1,e
Gpd1l,b
Gpd2,d
Gphn,e
Gpi1,b
Gpm6a,f
Gpn1,f
Gpr107,b
Gpr137,b
Gpr137b,e
Gpr146,a
Gpr155,e
Gpr156,c
Gpr160,b
Gpr171,f
Gpr182,c
Gpr183,a
Gpr19,f
Gpr20,c
Gpr34,a
Gpr37,b
Gpr39,a
Gpr65,a
Gpr85,a
Gprasp1,e
Gprasp2,e
Gprc5b,e
Gpsm1,b
Gpsm2,a
Gpsm3,b
Gpx1,a
Gpx3,a
Gpx8,f
Gramd1a,c
Gramd1c,a
Gramd4,e
Grap,a
Grap2,a
Grb10,a
Grb7,a
Grcc10,e
Greb1l,d
Grem2,d
Grhl1,f
Grhl2,a
Grhl3,a
Grhpr,d
Gria3,e
Grik1,d
Grik2,a
Grik4,a
Grin2b,a
Grin2c,a
Grin3a,b
Grip1,f
Grk4,f
Grk5,f
Grtp1,e
Gsap,a
Gsdmd,e
Gse1,a
Gsg1l,f
Gskip,f
Gspt1,b
Gspt2,e
Gsta3,e
Gstk1,b
Gstm1,e
Gstm2,f
Gstm3,e
Gstm5,f
Gstm6,f
Gstm7,f
Gstp1,e
Gstt1,f
Gstt2,e
Gstt3,f
Gtf2a1,a
Gtf2a2,f
Gtf2b,e
Gtf2f1,e
Gtf2h1,e
Gtf2h2,f
Gtf2h5,f
Gtf2i,b
Gtf3c1,c
Gtf3c2,b
Gtf3c4,b
Gtpbp1,c
Gtpbp2,b
Gtpbp3,c
Gtpbp8,f
Gtse1,b
Gtsf1,f
Gucd1,c
Gucy1a2,b
Gucy2c,a
Gulp1,a
Gxylt1,a
Gypa,a
Gys1,c
H13,d
H1f0,f
H2-Ab1,f
H2-D1,f
H2-DMb1,e
H2-DMb2,c
H2-K1,f
H2-Ke6,e
H2-M3,f
H2-Oa,e
H2-Q10,d
H2-T22,e
H2-T24,a
H3f3b,f
Haao,d
Habp2,a
Habp4,b
Hacd2,f
Hacd3,e
Hacd4,f
Hace1,a
Hacl1,e
Hadhb,d
Haghl,e
Hamp2,e
Hand1,a
Hand2,a
Hao2,f
Hap1,a
Hapln1,a
Hapln3,b
Hars2,e
Has3,a
Haus4,d
Haus6,a
Haus7,e
Hax1,e
Hba-a1,a
Hba-a2,a
Hba-x,a
Hbb-bh1,a
Hbb-bt,a
Hbb-y,a
Hbegf,a
Hbq1b,a
Hcfc1,b
Hcfc1r1,e
Hck,a
Hcls1,a
Hcn3,b
Hdac2,b
Hdac4,e
Hdac5,b
Hdac7,c
Hdac9,a
Hdc,e
Hddc2,e
Hdhd3,d
Heatr5b,b
Hebp2,e
Hectd3,b
Hecw2,a
Helz,b
Hemgn,a
Hepacam,d
Herc6,f
Hes1,f
Hes6,d
Hexim1,f
Hey1,c
Hey2,a
Heyl,a
Hfe,f
Hfm1,f
Hgf,a
Hgs,c
Hgsnat,e
Hhex,a
Hhip,c
Hibadh,f
Hibch,f
Hic1,b
Hic2,a
Hid1,b
Hif1an,b
Hif3a,b
Higd1a,f
Higd2a,e
Hinfp,b
Hint2,e
Hint3,f
Hip1,b
Hip1r,b
Hipk1,f
Hipk2,b
Hipk3,b
Hirip3,b
Hivep1,b
Hjurp,c
Hk1,b
Hk3,a
Hkdc1,a
Hlcs,c
Hlx,a
Hmbox1,b
Hmcn1,e
Hmga1,a
Hmga2,a
Hmgb2,a
Hmgb3,f
Hmgcl,f
Hmgcs1,f
Hmgcs2,d
Hmgn3,f
Hmgxb3,b
Hmmr,a
Hmox2,f
Hnf1b,a
Hnmt,e
Hnrnpa0,a
Hnrnpa1,a
Hnrnpa2b1,c
Hnrnpa3,a
Hnrnpab,a
Hnrnpdl,c
Hnrnpl,b
Hnrnpu,b
Hnrnpul1,b
Homer2,b
Homer3,b
Hook1,a
Hopx,c
Hormad1,f
Hormad2,f
Hoxa1,a
Hoxa10,a
Hoxa2,a
Hoxa3,a
Hoxa5,a
Hoxa7,a
Hoxa9,a
Hoxb13,a
Hoxb2,a
Hoxb3,a
Hoxb4,a
Hoxb5,a
Hoxb6,a
Hoxb7,a
Hoxb8,a
Hoxb9,a
Hoxc5,d
Hoxc6,a
Hoxd10,f
Hoxd8,f
Hp,a
Hp1bp3,b
Hpdl,c
Hpgds,a
Hpn,b
Hprt,f
Hps1,c
Hps6,b
Hrc,a
Hs3st1,e
Hs3st3a1,e
Hs3st3b1,e
Hs6st1,c
Hsbp1,f
Hsbp1l1,a
Hscb,f
Hsd11b2,b
Hsd17b10,e
Hsd17b13,c
Hsd17b14,c
Hsd17b2,e
Hsd17b3,a
Hsd17b7,e
Hsd3b1,f
Hsd3b6,a
Hsd3b7,f
Hsf2bp,f
Hsp90aa1,f
Hsp90ab1,f
Hspa12a,b
Hspa12b,c
Hspa1a,c
Hspa1l,a
Hspa4,c
Hspa4l,f
Hspa5,a
Hspb1,e
Hspb11,f
Hspb6,e
Hspg2,b
Htatsf1,e
Htra1,d
Htt,b
Hunk,c
Hus1b,f
Hyls1,b
Hyou1,b
Hypk,f
Iah1,e
Iars,b
Iba57,c
Ibsp,a
Icam1,a
Icam4,a
Icmt,b
Id1,d
Id2,f
Id3,d
Idh3a,e
Idh3b,e
Idh3g,d
Idi1,a
Idnk,f
Ier2,e
Ier5,a
Ifi204,a
Ifi27,e
Ifi27l2a,e
Ifi30,d
Ifi35,f
Ifi44,f
Ifih1,f
Ifit1,f
Ifit3,f
Ifit3b,f
Ifitm2,e
Ifitm3,e
Ifitm5,e
Ifnar1,b
Ifnar2,a
Ifrd1,a
Ifrd2,b
Ift140,b
Ift172,c
Ift20,f
Ift22,d
Ift43,f
Igbp1,e
Igdcc3,c
Igdcc4,b
Igf2bp1,a
Igf2bp2,b
Igf2bp3,b
Igfbp2,d
Igfbp4,c
Igfbp5,a
Igfbp7,a
Igsf10,e
Igsf11,f
Igsf21,d
Igsf5,a
Igsf6,a
Igsf8,c
Igsf9,a
Igtp,f
Ihh,a
Iigp1,a
Ikbkg,a
Ikzf1,a
Ikzf5,b
Il10ra,a
Il11ra1,e
Il13ra1,a
Il13ra2,f
Il15,a
Il15ra,f
Il16,a
Il17ra,b
Il17re,e
Il18,f
Il1r1,d
Il1rap,a
Il1rapl2,a
Il21r,a
Il27ra,d
Il2rb,c
Il2rg,a
Il3ra,c
Il4ra,b
Il6ra,a
Il6st,c
Ildr2,f
Immp1l,f
Immp2l,e
Impa2,e
Impact,a
Impdh1,c
Inca1,f
Incenp,b
Inf2,b
Ing2,a
Inhbb,c
Inmt,f
Inpp4a,f
Inpp4b,a
Inpp5a,f
Inpp5d,a
Inpp5f,f
Inpp5k,e
Inppl1,b
Insc,a
Insig1,a
Insig2,f
Insl6,e
Ints1,b
Ints12,f
Ints3,c
Ints5,c
Ints6,f
Ints9,e
Ip6k1,a
Ip6k2,d
Ipmk,b
Ipo13,c
Ipo4,c
Ipo8,b
Ipo9,b
Iqce,c
Iqcg,f
Iqck,f
Iqgap2,b
Iqgap3,b
Iqsec1,f
Irak1,f
Irak2,b
Irf1,e
Irf2,f
Irf2bp1,b
Irf2bp2,f
Irf2bpl,b
Irf5,b
Irf6,a
Irf7,f
Irf8,b
Irf9,f
Irgm1,f
Irgm2,f
Irgq,b
Irs1,f
Irs2,a
Irx3,d
Irx5,f
Isca2,f
Iscu,f
Isg15,f
Isg20,f
Isg20l2,b
Isl1,a
Islr2,b
Isoc1,e
Isoc2b,f
Isx,f
Itga1,a
Itga11,d
Itga4,a
Itga5,b
Itga6,e
Itga7,b
Itga8,a
Itga9,f
Itgb1bp1,f
Itgb2,a
Itgb3,a
Itgb4,c
Itih2,a
Itih5,f
Itm2b,e
Itm2c,e
Itpk1,c
Itpkb,c
Itpr2,d
Itpr3,c
Itprip,b
Itpripl1,a
Itsn1,b
Ivd,e
Izumo4,d
Jade2,d
Jag1,a
Jagn1,f
Jak1,b
Jak2,f
Jak3,b
Jakmip1,d
Jakmip2,a
Jam2,f
Jam3,d
Jkamp,f
Jmjd1c,f
Jmjd4,c
Jmjd7,d
Josd2,c
Jph2,a
Jph3,a
Jrk,c
Jrkl,a
Jtb,f
Jup,c
Kank2,c
Kank3,d
Kansl3,c
Kantr,f
Kat2a,c
Kat2b,f
Katnb1,b
Kazald1,f
Kazn,c
Kbtbd13,c
Kbtbd3,f
Kcna5,a
Kcna6,c
Kcnab2,b
Kcnb2,f
Kcnd2,e
Kcne1l,d
Kcng1,d
Kcng4,d
Kcnh1,b
Kcnh2,b
Kcnh3,d
Kcnh6,d
Kcnip1,d
Kcnj12,c
Kcnj13,f
Kcnj8,a
Kcnk10,a
Kcnk12,c
Kcnk2,e
Kcnk3,f
Kcnma1,e
Kcnmb4,b
Kcnn1,c
Kcnn2,e
Kcnn4,a
Kcnq1,d
Kcnq4,b
Kcns1,e
Kcns3,a
Kcnt1,b
Kcp,c
Kctd10,c
Kctd11,c
Kctd12,a
Kctd12b,f
Kctd15,b
Kctd2,f
Kctd20,b
Kctd21,b
Kctd7,c
Kdm1b,e
Kdm2b,b
Kdm3b,b
Kdm4a,c
Kdm4b,b
Kdm4d,e
Kdm5c,b
Kdm8,b
Kel,a
Khdrbs1,b
Khdrbs3,f
Khk,e
Khnyn,c
Khsrp,a
Kif11,a
Kif13a,e
Kif13b,b
Kif14,a
Kif15,a
Kif16b,e
Kif18a,a
Kif18b,a
Kif19a,d
Kif1a,c
Kif1b,a
Kif20a,a
Kif20b,a
Kif21a,f
Kif21b,b
Kif22,a
Kif23,a
Kif24,b
Kif26a,a
Kif26b,a
Kif2a,f
Kif2c,a
Kif3a,e
Kif3c,b
Kif4,a
Kif5a,b
Kif5b,f
Kif5c,b
Kif6,d
Kif7,c
Kifc1,b
Kifc2,b
Kifc5b,a
Kirrel,b
Kitl,e
Kiz,f
Klc2,b
Klc4,e
Klf1,a
Klf10,a
Klf11,a
Klf12,b
Klf13,a
Klf3,a
Klf5,a
Klf7,d
Klf9,f
Klhdc1,f
Klhdc2,a
Klhdc9,e
Klhl14,b
Klhl18,c
Klhl2,f
Klhl21,b
Klhl24,a
Klhl29,a
Klhl30,a
Klhl31,a
Klhl32,d
Klhl36,e
Klhl4,a
Klhl6,a
Klhl8,c
Klk1,a
Klkb1,d
Kmt2c,f
Kmt2d,f
Kmt2e,f
Kndc1,a
Kng2,a
Knop1,e
Knstrn,a
Kntc1,a
Kpna2,a
Kpna3,b
Kpna6,b
Kpnb1,b
Kptn,e
Kras,a
Krba1,c
Kremen1,b
Krt1,f
Krt10,f
Krt14,e
Krt15,a
Krt18,f
Krt19,f
Krt20,e
Krt31,f
Krt33a,f
Krt7,e
Krt79,f
Krt8,e
Krtap17-1,e
Krtcap2,e
Krtcap3,c
Ksr1,c
Kti12,c
Kxd1,f
L1cam,a
L2hgdh,b
L3hypdh,e
L3mbtl2,b
Lag3,c
Lage3,e
Lama1,d
Lama3,f
Lama5,a
Lamb2,c
Lamb3,a
Lamc2,a
Lamtor2,f
Lamtor3,f
Lamtor4,e
Lamtor5,f
Lancl3,a
Laptm4a,e
Laptm5,a
Larp4,a
Lasp1,c
Lats1,f
Lats2,c
Layn,e
Lbh,a
Lbp,c
Lbr,a
Lbx2,f
Lca5l,e
Lck,e
Lclat1,b
Lcmt1,e
Lcn2,b
Lcor,a
Lcorl,e
Lcp1,a
Lcp2,a
Ldb1,b
Ldb2,e
Ldhb,c
Ldhd,e
Ldlr,a
Ldlrad3,a
Ldlrad4,b
Ldlrap1,b
Ldoc1,a
Lef1,c
Leng8,c
Leng9,c
Leo1,f
Leprot,f
Lfng,b
Lgals1,e
Lgals3,b
Lgals3bp,f
Lgals7,d
Lgals8,f
Lgals9,e
Lgi1,f
Lgi3,d
Lgr5,e
Lhcgr,e
Lhfp,a
Lhpp,d
Lias,e
Lig3,c
Lilrb4a,a
Lima1,b
Lime1,b
Limk1,b
Limk2,c
Lims2,a
Lin28a,a
Lin28b,a
Lin37,f
Lin54,a
Lin7a,a
Lipe,c
Lipg,c
Lipt1,e
Litaf,c
Lix1,f
Llgl1,c
Llgl2,b
Lman1,e
Lman2l,b
Lmbr1,e
Lmbrd1,f
Lmcd1,f
Lmf2,c
Lmnb1,b
Lmnb2,b
Lmo2,a
Lmo3,d
Lmo4,a
Lmo7,d
Lmod1,a
Lmtk2,a
Lmx1a,a
Lnx1,f
Lonrf2,f
Lonrf3,f
Lor,a
Loxl1,b
Loxl2,a
Loxl3,c
Lpar3,a
Lpcat1,b
Lpcat2,a
Lpgat1,a
Lpin2,a
Lpin3,c
Lpxn,a
Lrch1,b
Lrch2,f
Lrch4,b
Lrfn1,b
Lrfn4,e
Lrif1,f
Lrig1,e
Lrig2,f
Lrig3,a
Lrp1,b
Lrp10,b
Lrp11,a
Lrp12,a
Lrp4,a
Lrp5,b
Lrpap1,f
Lrrc1,f
Lrrc2,e
Lrrc20,c
Lrrc25,a
Lrrc27,f
Lrrc3,c
Lrrc34,e
Lrrc3b,d
Lrrc41,c
Lrrc42,e
Lrrc47,a
Lrrc49,f
Lrrc4b,f
Lrrc4c,e
Lrrc51,d
Lrrc56,c
Lrrc58,a
Lrrc59,a
Lrrc61,b
Lrrc75a,f
Lrrc8a,f
Lrrc8b,b
Lrrc8c,c
Lrrfip1,f
Lrriq3,f
Lrrk1,c
Lrrn1,e
Lrrn3,b
Lrrn4cl,e
Lrrtm4,f
Lrwd1,c
Lsamp,a
Lsm1,f
Lsm10,e
Lsm12,b
Lsm14a,a
Lsm7,f
Lsp1,a
Lss,b
Ltbp1,a
Ltbp3,e
Ltbr,c
Ltc4s,a
Luc7l2,b
Luc7l3,f
Lum,a
Lurap1,f
Lxn,f
Ly6d,e
Ly6e,e
Ly6g6e,e
Ly6k,f
Ly86,a
Ly96,e
Lyl1,a
Lyn,a
Lypd1,c
Lypd4,f
Lypd6,d
Lypd6b,e
Lypla1,a
Lypla2,b
Lyrm1,f
Lyrm2,f
Lyrm9,e
Lysmd1,e
Lyve1,a
Lyz2,a
Lzts1,c
Lzts2,b
M1ap,f
Mab21l1,a
Mab21l2,a
Mab21l3,c
Macf1,f
Macrod2,f
Mad2l1,a
Maea,d
Mael,f
Maf,a
Mafb,c
Maff,a
Mafk,a
Mageb16,f
Mageb4,f
Maged2,e
Magee1,c
Magee2,d
Magel2,a
Magi2,e
Mal2,a
Malsu1,f
Maml2,a
Maml3,b
Man1a,b
Man1b1,b
Man2a2,b
Man2b1,c
Man2b2,c
Man2c1,c
Manbal,f
Mansc1,e
Maoa,c
Map1a,b
Map1b,a
Map1s,c
Map2,b
Map2k6,f
Map2k7,b
Map3k11,b
Map3k12,b
Map3k14,c
Map3k4,c
Map3k7cl,a
Map4k2,c
Map4k3,f
Map4k4,e
Map6,b
Map7,f
Map7d1,b
Map7d2,f
Map9,f
Mapk11,b
Mapk12,c
Mapk1ip1,e
Mapk1ip1l,a
Mapk3,d
Mapk4,a
Mapk6,b
Mapk7,c
Mapk8ip1,c
Mapk8ip2,b
Mapk8ip3,c
Mapk9,f
Mapkbp1,c
Mapre2,b
Marcks,a
Marcksl1,b
Mark1,f
Mark2,e
Mark3,f
Mark4,b
Mars2,b
Marveld1,e
Marveld3,a
Mast3,b
Mast4,b
Mastl,a
Matk,d
Matn2,b
Matn4,a
Mavs,e
Mbd2,f
Mbd3,c
Mbd6,a
Mblac2,f
Mbnl1,a
Mbnl3,f
Mboat2,d
Mboat7,c
Mbp,a
Mc2r,a
Mc4r,c
Mcam,a
Mcc,a
Mccc2,e
Mcee,e
Mcf2,f
Mcf2l,c
Mcfd2,f
Mcm10,a
Mcm2,b
Mcm3,c
Mcm3ap,b
Mcm4,c
Mcm5,b
Mcm6,c
Mcm7,c
Mcmdc2,f
Mcoln2,a
Mctp1,a
Mcu,a
Mcur1,b
Mdc1,b
Mdh1,e
Mdk,a
Mdm1,a
Mdp1,f
Me1,f
Me2,f
Mea1,e
Mecom,a
Mecr,e
Med10,e
Med12,b
Med12l,f
Med14,b
Med15,b
Med16,c
Med17,f
Med19,f
Med20,d
Med21,f
Med22,c
Med24,c
Med25,c
Med26,c
Med27,e
Med28,f
Med29,e
Med31,e
Med4,f
Med7,f
Mef2a,e
Mef2c,a
Mef2d,b
Megf10,a
Megf8,b
Megf9,a
Mei1,f
Meiob,f
Meis1,a
Meis2,a
Melk,a
Memo1,b
Men1,b
Meox1,a
Mepce,e
Mertk,d
Mest,c
Met,f
Metap1d,e
Methig1,a
Metrn,c
Mettl15,f
Mettl18,e
Mettl22,e
Mettl25,f
Mex3c,f
Mex3d,e
Mfap1a,f
Mfap3,f
Mfap3l,b
Mff,e
Mfge8,d
Mfhas1,f
Mfng,a
Mfsd1,a
Mfsd12,b
Mfsd2b,a
Mfsd3,e
Mgam,a
Mgat1,c
Mgat3,f
Mgat4a,a
Mgat4b,e
Mgat5,c
Mgmt,e
Mgp,f
Mgst1,f
Mgst3,f
Mia,f
Mib2,c
Mical1,c
Micu1,e
Mid1,b
Mid1ip1,c
Mid2,f
Midn,b
Mief1,b
Mien1,f
Mier2,b
Mier3,f
Mif4gd,e
Miip,b
Milr1,a
Mink1,b
Mipol1,e
Mis18bp1,a
Mitd1,f
Mixl1,c
Mki67,a
Mknk2,b
Mkx,a
Mlec,b
Mlf1,e
Mlf2,b
Mlkl,f
Mllt1,b
Mllt11,a
Mllt3,f
Mllt6,f
Mlst8,b
Mlxipl,c
Mmab,d
Mmd2,a
Mme,f
Mmgt1,a
Mmgt2,f
Mmp11,d
Mmp14,b
Mmp15,b
Mmp16,a
Mms19,c
Mms22l,b
Mn1,a
Mndal,a
Mns1,f
Mnt,b
Mob1a,c
Mob1b,b
Mob3a,c
Mob3b,f
Mob3c,f
Mocs2,e
Mocs3,b
Mogat2,b
Mon1b,a
Mon2,f
Morc2a,c
Morn1,d
Morn2,e
Mospd2,b
Mov10,c
Mov10l1,f
Moxd1,a
Mpc1,f
Mpc2,f
Mpeg1,a
Mphosph8,f
Mphosph9,a
Mpp1,e
Mpp2,b
Mppe1,e
Mpped2,a
Mprip,f
Mpv17,f
Mpv17l2,e
Mr1,f
Mrap,f
Mrc1,a
Mrc2,b
Mreg,a
Mrgbp,e
Mrgpra2b,c
Mrgprf,d
Mrm1,d
Mro,f
Mroh1,c
Mrpl1,f
Mrpl11,e
Mrpl13,e
Mrpl16,f
Mrpl17,e
Mrpl19,f
Mrpl2,f
Mrpl21,e
Mrpl22,e
Mrpl23,e
Mrpl24,f
Mrpl27,e
Mrpl30,f
Mrpl33,f
Mrpl35,e
Mrpl37,e
Mrpl41,f
Mrpl46,f
Mrpl47,f
Mrpl48,f
Mrpl49,e
Mrpl51,e
Mrpl52,e
Mrpl54,e
Mrpl55,e
Mrpl9,d
Mrps10,f
Mrps11,e
Mrps12,e
Mrps15,e
Mrps16,e
Mrps17,e
Mrps18a,e
Mrps18c,f
Mrps2,c
Mrps21,e
Mrps24,f
Mrps25,f
Mrps28,f
Mrps34,e
Mrps7,e
Mrps9,e
Mrrf,f
Ms4a4d,a
Ms4a6b,a
Ms4a6c,a
Ms4a6d,a
Ms4a7,a
Msantd2,f
Msh4,e
Msh5,f
Msh6,c
Msi1,a
Msi2,a
Msl2,a
Msl3l2,b
Msln,f
Msmo1,f
Msn,b
Msr1,a
Msra,d
Msrb2,e
Msrb3,a
Msx1,b
Msx2,e
Mt1,f
Mt2,f
Mt3,e
Mterf1a,f
Mterf1b,f
Mterf3,f
Mterf4,d
Mtfr1l,e
Mtfr2,a
Mtg1,e
Mthfd2,a
Mthfr,b
Mthfs,f
Mthfsl,f
Mtm1,f
Mtmr12,b
Mtmr14,b
Mtmr3,f
Mtmr4,b
Mtmr9,c
Mtor,b
Mtrf1,e
Mtrr,b
Mtss1,a
Mttp,f
Mturn,b
Mtus1,a
Mtus2,e
Mtx1,e
Mtx3,f
Mvb12a,d
Mvb12b,b
Mvp,b
Mxra7,b
Myadm,c
Mybbp1a,c
Mybl1,f
Mybl2,a
Mybpc3,e
Mybphl,d
Myc,a
Mycbp2,f
Mycn,c
Myh10,b
Myh11,c
Myh6,e
Myh7,e
Myh8,d
Myh9,a
Myl1,c
Myl4,e
Myl7,c
Myl9,e
Mylip,e
Mylpf,a
Myo10,c
Myo18a,b
Myo19,c
Myo1a,d
Myo1b,f
Myo1c,c
Myo1e,c
Myo1f,a
Myo1g,a
Myo5b,c
Myo5c,a
Myo7a,b
Myo9b,b
Myocd,a
Myof,c
Myom1,a
Myom3,f
Mypop,b
Myrf,b
Mysm1,f
Myzap,e
Mzt2,e
N4bp1,f
N4bp2,b
N4bp2l1,f
N4bp3,c
N6amt1,f
Naa38,f
Naa50,a
Naaa,b
Naalad2,f
Nab2,c
Nacc1,b
Nadsyn1,c
Nae1,f
Naf1,b
Naga,e
Nagk,e
Nags,e
Nampt,a
Nanos1,a
Nanp,e
Nap1l5,a
Naprt,e
Nasp,c
Nat10,c
Nat9,e
Natd1,b
Nav2,f
Nbl1,e
Ncam1,a
Ncan,a
Ncapd2,b
Ncapd3,a
Ncapg,a
Ncapg2,b
Ncaph,a
Ncbp1,b
Ncdn,b
Ncf1,a
Ncf2,a
Ncf4,a
Nck1,f
Nckap1,f
Nckap1l,a
Nckap5,e
Nckap5l,c
Ncln,c
Ncmap,c
Ncoa1,f
Ncoa4,b
Ncoa5,b
Ncoa6,f
Ncoa7,b
Ncor1,f
Ncor2,b
Ncs1,a
Ncstn,f
Ndc1,c
Ndc80,a
Ndfip1,f
Ndor1,b
Ndrg3,e
Ndrg4,c
Ndst1,a
Ndst2,e
Ndst4,e
Ndufa1,f
Ndufa11,e
Ndufa12,f
Ndufa13,f
Ndufa2,e
Ndufa3,f
Ndufa4,e
Ndufa4l2,a
Ndufa5,f
Ndufa6,f
Ndufa7,f
Ndufa8,f
Ndufa9,e
Ndufab1,e
Ndufaf1,e
Ndufaf3,f
Ndufaf5,e
Ndufaf6,f
Ndufaf7,e
Ndufb10,f
Ndufb11,f
Ndufb2,e
Ndufb3,f
Ndufb4,f
Ndufb6,f
Ndufb7,e
Ndufb8,f
Ndufb9,e
Ndufc1,f
Ndufc2,e
Ndufs2,e
Ndufs3,f
Ndufs4,f
Ndufs6,e
Ndufs7,e
Ndufs8,e
Ndufv2,f
Necab3,d
Nedd8,f
Nedd9,b
Nefl,a
Nefm,a
Neil3,a
Nek1,f
Nek2,a
Nek6,a
Nelfa,b
Nell1,d
Nell2,a
Nemf,f
Nenf,e
Nes,a
Net1,b
Neto2,a
Neurl1a,c
Nexn,a
Nf1,f
Nf2,b
Nfam1,a
Nfatc1,b
Nfatc2,b
Nfatc2ip,f
Nfatc4,b
Nfe2,a
Nfe2l1,b
Nfe2l2,e
Nfib,f
Nfic,c
Nfkb1,f
Nfkb2,b
Nfs1,e
Nfu1,e
Nfxl1,b
Nfya,b
Ngef,c
Ngfr,c
Ngly1,f
Ngrn,e
Nhlrc1,d
Nhlrc3,b
Nhs,b
Nhsl1,f
Nhsl2,a
Nicn1,f
Nid2,b
Nin,e
Ninl,b
Nipal1,a
Nipal2,e
Nipal4,a
Nipbl,f
Nipsnap1,e
Nisch,c
Nit1,e
Nit2,e
Nkain1,c
Nkain3,a
Nkain4,f
Nkapl,d
Nkd1,e
Nkd2,e
Nkiras1,f
Nkx3-1,a
Nlgn3,a
Nlrp10,e
Nlrx1,c
Nmb,e
Nme4,d
Nme5,e
Nme7,e
Nmi,f
Nmnat2,d
Nmnat3,e
Nmral1,c
Nmt2,f
Nmur2,c
Nnat,c
Noa1,b
Noc3l,c
Nog,a
Nol10,c
Nol12,e
Nol4l,b
Nol6,c
Nol7,e
Nol9,b
Nomo1,b
Nop10,e
Nop2,c
Nop9,c
Nos1ap,c
Nosip,f
Nostrin,b
Notch1,a
Notch2,f
Notch3,a
Notum,c
Noxo1,e
Npas3,e
Npbwr1,a
Npc1,e
Npc2,e
Npdc1,d
Nphp4,b
Npl,b
Npnt,e
Nppc,b
Npr1,b
Npr2,f
Nptx2,c
Npy,a
Npy1r,a
Nqo2,e
Nr0b1,c
Nr0b2,e
Nr1h5,a
Nr2c2,f
Nr2c2ap,e
Nr2f1,a
Nr2f2,a
Nr2f6,b
Nr3c1,f
Nr3c2,f
Nr4a1,a
Nr4a2,a
Nr5a1,c
Nrap,d
Nrarp,a
Nrbp1,e
Nrbp2,f
Nrf1,b
Nrg1,a
Nrip2,e
Nrip3,f
Nrk,a
Nrm,c
Nrn1,e
Nrp1,a
Nrp2,a
Nrros,a
Nrtn,b
Nsdhl,f
Nsf,b
Nsg1,d
Nsg2,a
Nsl1,a
Nsmce1,e
Nsmf,c
Nsun4,e
Nt5c,f
Nt5c3b,d
Nt5dc2,b
Nt5dc3,b
Nt5e,a
Nt5m,f
Ntf3,a
Ntf5,b
Nthl1,e
Ntm,a
Ntng1,a
Ntpcr,e
Ntrk2,a
Ntrk3,a
Nuak1,b
Nubpl,e
Nucks1,a
Nudt13,f
Nudt14,e
Nudt16,f
Nudt16l1,e
Nudt17,e
Nudt18,e
Nudt4,a
Nudt5,c
Nudt6,f
Nudt7,e
Nuf2,a
Numa1,b
Numb,b
Nup133,b
Nup155,b
Nup188,b
Nup205,b
Nup210,a
Nup214,b
Nup50,a
Nup62,c
Nup62cl,a
Nup98,f
Nupr1,a
Nusap1,a
Nutf2,c
Nxf1,b
Nxf2,f
Nxf3,c
Nxn,f
Nxnl2,e
Nxph3,b
Nynrin,b
Oaf,a
Oas1a,f
Oasl2,e
Oat,e
Oaz2,e
Obsl1,b
Oca2,c
Ociad2,f
Ocln,a
Odc1,a
Odf2,b
Odf3b,e
Ofd1,e
Ogdh,b
Ogfod3,e
Ogfrl1,a
Ogt,e
Oip5,a
Oit3,f
Olfm1,e
Olfm2,a
Olfml2b,c
Olfml3,b
Omg,d
Onecut1,c
Opa1,b
Oplah,c
Opn1sw,f
Opn3,e
Oprd1,b
Oprk1,f
Optn,f
Orc1,b
Orc5,e
Ormdl2,f
Ormdl3,c
Os9,a
Osbpl1a,e
Osbpl6,b
Osbpl7,c
Osbpl8,f
Osbpl9,e
Osgep,e
Osr1,f
Osr2,c
Otub1,f
Otud3,a
Otud4,b
Otud7b,b
Ovca2,b
Oxa1l,d
P2rx6,e
P2rx7,f
P2ry1,a
P2ry12,a
P2ry13,a
P2ry6,a
P3h1,b
P3h2,a
P3h3,f
P4ha3,b
Pabpc1,b
Pabpc4,b
Pabpn1,f
Pacs1,c
Pacsin3,f
Padi1,c
Padi2,a
Padi3,b
Padi6,c
Pafah1b1,a
Pafah1b3,e
Pag1,b
Paip1,f
Pak1,e
Pak1ip1,f
Pak4,b
Pakap,b
Pald1,c
Palm3,b
Palmd,e
Pam,f
Pam16,e
Pamr1,a
Pan2,c
Pank1,b
Pank3,f
Panx1,c
Papln,c
Papss2,f
Paqr5,e
Paqr7,d
Paqr8,e
Pard3,b
Pard3b,f
Parg,b
Parl,e
Parm1,a
Parp10,e
Parp3,c
Parp4,c
Parp8,f
Parp9,f
Parpbp,a
Parvb,b
Parvg,a
Pask,b
Patl1,c
Patz1,c
Pawr,a
Pax2,c
Pax8,c
Paxip1,b
Pbdc1,f
Pbk,a
Pbld1,f
Pbx2,a
Pbx3,e
Pbxip1,f
Pcbd1,d
Pcbd2,f
Pcbp1,b
Pcbp2,b
Pcbp3,c
Pcbp4,c
Pcca,e
Pccb,e
Pcdh1,a
Pcdh11x,a
Pcdh19,f
Pcdh20,a
Pcdh7,a
Pcdh8,a
Pcdhb17,e
Pcdhb19,e
Pcdhb20,e
Pcdhb7,d
Pcdhb9,e
Pcdhga10,c
Pcdhga11,b
Pcdhga12,c
Pcdhga2,b
Pcdhga3,c
Pcdhga4,b
Pcdhga5,c
Pcdhga6,c
Pcdhga7,b
Pcdhgb2,c
Pcdhgb4,b
Pcdhgb5,b
Pcdhgb6,b
Pcdhgb7,b
Pcdhgc3,b
Pcdhgc5,b
Pced1b,e
Pcf11,a
Pcgf1,e
Pcgf3,b
Pcif1,b
Pcmtd1,f
Pcnx,e
Pcp4l1,f
Pcsk1n,a
Pcsk5,b
Pcsk6,e
Pcsk7,b
Pcsk9,c
Pctp,c
Pcx,b
Pcyox1,e
Pcyox1l,b
Pcyt1b,a
Pcyt2,c
Pdcd4,f
Pdcd6,e
Pdcd7,f
Pde10a,e
Pde1a,e
Pde2a,a
Pde3a,a
Pde3b,a
Pde4a,c
Pde4b,a
Pde5a,f
Pde6d,f
Pde7a,a
Pde8b,e
Pde9a,a
Pdgfc,a
Pdgfd,e
Pdgfra,b
Pdgfrb,a
Pdha1,b
Pdhb,f
Pdhx,f
Pdia4,b
Pdk2,d
Pdk4,c
Pdlim1,a
Pdlim2,c
Pdlim4,e
Pdlim5,a
Pdp2,f
Pdpn,f
Pdpr,c
Pdrg1,e
Pdxk,b
Pdxp,b
Pdyn,e
Pdzd11,e
Pdzd2,d
Pdzd7,b
Pdzk1ip1,a
Pdzrn3,a
Pdzrn4,f
Pea15a,a
Peak1,e
Pear1,b
Pecr,e
Peg10,b
Peg12,a
Peg3,b
Peli2,a
Pelo,b
Pelp1,c
Pemt,e
Per1,b
Per2,b
Per3,f
Pet100,f
Pex1,e
Pex13,f
Pex14,c
Pex26,c
Pex3,e
Pex5l,f
Pex7,f
Pf4,a
Pfdn2,e
Pfdn4,f
Pfdn5,e
Pfdn6,f
Pfkfb1,c
Pfkfb3,b
Pfkfb4,c
Pfkm,e
Pgap1,a
Pgap3,b
Pgbd5,d
Pgf,a
Pgm1,f
Pgm2,e
Pgm2l1,a
Pgm5,a
Pgrmc1,e
Pgrmc2,a
Phactr2,a
Phactr4,b
Phax,f
Phf1,c
Phf10,f
Phf14,e
Phf2,b
Phf20,f
Phf23,b
Phka1,c
Phkg2,e
Phlda1,c
Phldb1,b
Phldb2,b
Phlpp1,e
Phlpp2,e
Phox2a,a
Phox2b,a
Phpt1,f
Phrf1,b
Phtf2,a
Phyh,e
Phyhd1,e
Phyhipl,f
Phykpl,d
Pi4k2a,f
Pias1,f
Pias2,a
Pias3,c
Pias4,c
Pid1,a
Pidd1,b
Piezo1,b
Piezo2,a
Pif1,b
Piga,b
Pigh,e
Pigk,f
Pigm,b
Pigo,c
Pigp,f
Pigq,b
Pigt,c
Pigu,d
Pigw,b
Pigyl,e
Pik3ap1,b
Pik3c2a,c
Pik3c2g,f
Pik3ca,f
Pik3cb,a
Pik3cd,a
Pik3cg,a
Pik3ip1,e
Pik3r1,a
Pik3r2,c
Pik3r6,a
Pim1,b
Pim3,c
Pin1,f
Pin4,e
Pip4k2a,b
Pip4k2b,b
Pip4k2c,b
Pip5k1c,b
Pisd,e
Pitpna,f
Pitpnc1,a
Pitpnm1,b
Pitpnm3,b
Pitrm1,c
Pitx1,a
Pitx2,a
Piwil2,e
Pkd1,b
Pkd2,f
Pkia,a
Pklr,a
Pkm,c
Pkmyt1,b
Pkn1,b
Pkn3,b
Pknox1,b
Pknox2,b
Pkp2,b
Pkp3,a
Pkp4,f
Pla2g12a,f
Pla2g1b,f
Pla2g2c,e
Pla2g2f,c
Pla2g4a,b
Pla2g5,d
Pla2g6,c
Pla2g7,e
Pla2r1,f
Plac1,a
Plac8,c
Plagl1,a
Plagl2,b
Plat,d
Plaur,a
Plbd2,c
Plcb2,c
Plcb3,c
Plcb4,b
Plce1,a
Plcg1,b
Plcg2,b
Plch1,f
Plcxd3,a
Pld1,b
Pld3,e
Pld4,a
Pld5,e
Pld6,d
Plek,a
Plek2,a
Plekha1,a
Plekha2,c
Plekha4,c
Plekha7,a
Plekha8,a
Plekhb1,f
Plekhd1,b
Plekhf1,e
Plekhg1,e
Plekhg2,b
Plekhg3,a
Plekhg5,c
Plekhh1,b
Plekhh2,b
Plekhh3,b
Plekhm1,c
Plekhm3,c
Plekho1,a
Plekho2,c
Plgrkt,d
Plin2,e
Plin5,e
Plk1,a
Plk2,f
Plk3,b
Plk4,a
Plod1,c
Plod2,a
Plod3,c
Plp1,f
Plp2,d
Pls1,a
Pls3,b
Plscr1,e
Plscr2,e
Plscr4,d
Pltp,c
Plvap,a
Plxdc1,c
Plxna2,b
Plxna3,c
Plxnb1,a
Plxnb2,c
Plxnd1,b
Pm20d1,e
Pmaip1,a
Pmis2,e
Pml,c
Pmm1,e
Pmp22,b
Pmpcb,e
Pnck,e
Pnisr,f
Pnlip,a
Pnliprp1,a
Pnliprp2,a
Pnpla3,c
Pnpla6,c
Pnpo,b
Pnrc2,e
Poc1a,a
Poc1b,b
Podxl,c
Podxl2,c
Pofut1,e
Pogk,b
Pogz,b
Pola2,c
Pold1,b
Pold4,e
Poldip2,c
Poldip3,f
Pole,b
Pole4,d
Polg,c
Polh,c
Poll,b
Poln,f
Polq,a
Polr1a,c
Polr1c,e
Polr2a,c
Polr2d,e
Polr2e,d
Polr2f,e
Polr2g,f
Polr2i,f
Polr2k,f
Polr2l,e
Polr3b,c
Polr3g,b
Polrmt,c
Pomc,d
Pomgnt1,e
Pomk,d
Pomp,f
Pomt2,b
Pop1,c
Pop4,f
Pop7,f
Por,c
Postn,a
Pou4f1,f
Pou6f1,e
Ppara,c
Ppard,b
Pparg,f
Ppargc1a,f
Ppbp,a
Ppcs,a
Ppdpf,e
Ppfia1,f
Ppfia2,a
Ppfia4,c
Pphln1,a
Ppib,e
Ppic,e
Ppie,f
Ppil1,e
Ppil3,f
Ppil4,f
Ppip5k2,b
Ppm1a,f
Ppm1b,a
Ppm1d,b
Ppm1f,b
Ppm1h,a
Ppm1k,f
Ppm1m,b
Ppme1,b
Ppp1cb,a
Ppp1r13l,b
Ppp1r14a,c
Ppp1r14c,a
Ppp1r15b,b
Ppp1r16a,c
Ppp1r16b,f
Ppp1r18,b
Ppp1r36,f
Ppp1r3b,a
Ppp1r3d,a
Ppp1r3g,e
Ppp1r9b,b
Ppp2cb,f
Ppp2r5a,f
Ppp2r5b,b
Ppp2r5d,c
Ppp2r5e,b
Ppp3ca,a
Ppp3cc,b
Ppp4r1,b
Ppp4r2,a
Ppp4r4,a
Ppp5c,b
Ppp6r2,c
Pprc1,b
Pptc7,f
Ppwd1,c
Prc1,a
Prcc,c
Prdm16,a
Prdm2,a
Prdm4,b
Prdm5,e
Prdm6,a
Prdm9,f
Prdx1,e
Prdx3,e
Prdx5,e
Prelid1,d
Prelid2,e
Prep,c
Prex1,b
Prickle1,a
Prickle2,a
Prkab2,a
Prkag2,f
Prkca,b
Prkcb,f
Prkcd,c
Prkch,b
Prkci,b
Prkd2,c
Prkg1,a
Prkg2,d
Prkra,e
Prkrip1,f
Prkx,b
Prlr,f
Prmt2,e
Proca1,f
Procr,e
Prodh,c
Prokr1,a
Prokr2,a
Prom1,a
Prorsd1,f
Pros1,f
Proser1,c
Proser2,b
Proser3,c
Prox1,a
Prpf19,c
Prpf8,c
Prph,f
Prps1,e
Prps1l3,b
Prps2,a
Prpsap2,f
Prr11,a
Prr12,b
Prr15,f
Prr16,a
Prr19,f
Prr32,f
Prr36,c
Prr5l,c
Prr7,c
Prrc1,b
Prrc2a,a
Prrc2b,b
Prrg2,f
Prrt2,a
Prrt4,b
Prrx1,a
Prss12,a
Prss23,a
Prss34,f
Prss35,e
Prss43,a
Prss45,a
Prss46,b
Prss48,f
Prss50,b
Prss53,e
Prtg,a
Prtn3,d
Prune2,a
Prx,c
Psat1,d
Psen1,b
Psen2,e
Pskh1,c
Psma2,f
Psmb10,f
Psmb4,e
Psmb6,f
Psmb8,a
Psmb9,f
Psmd10,f
Psmd3,c
Psmd4,f
Psme1,e
Psme2,f
Psme2b,f
Psme3,a
Psmf1,f
Psmg1,e
Psmg2,e
Psmg4,d
Psph,e
Psrc1,a
Pstk,e
Pstpip2,a
Ptbp1,c
Ptbp2,b
Ptbp3,a
Ptcd1,c
Ptcd2,e
Ptch1,b
Ptch2,c
Ptchd1,a
Pter,f
Ptgds,e
Ptger1,b
Ptger3,e
Ptger4,b
Ptges,d
Ptgis,b
Ptgr1,b
Ptgr2,f
Ptgs1,a
Pth1r,a
Pthlh,a
Ptk2b,c
Ptk7,c
Ptms,b
Ptpmt1,e
Ptpn11,b
Ptpn13,c
Ptpn18,a
Ptpn2,e
Ptpn23,b
Ptpn4,c
Ptpn5,b
Ptpn6,b
Ptpn7,a
Ptprc,a
Ptprd,f
Ptpre,e
Ptprf,e
Ptpro,d
Ptprr,a
Ptprs,b
Ptprz1,a
Ptrh1,d
Ptrhd1,f
Pts,e
Pttg1ip,e
Ptx3,a
Pura,f
Pus1,c
Pus7,b
Pus7l,b
Pwp2,c
Pwwp2b,e
Pxdc1,a
Pxdn,b
Pxmp2,e
Pxmp4,e
Pxn,b
Pxylp1,d
Pycard,f
Pycrl,e
Pygl,d
Pygm,d
Pygo2,b
Pyroxd1,f
Pyroxd2,e
Pyurf,d
Qdpr,e
Qpct,e
Qsox1,f
Qtrt1,f
R3hcc1l,f
Rab10,b
Rab11a,f
Rab11fip4,c
Rab11fip5,c
Rab12,f
Rab13,d
Rab14,f
Rab15,a
Rab17,f
Rab19,f
Rab1b,a
Rab21,f
Rab22a,a
Rab24,e
Rab26,f
Rab27a,b
Rab27b,f
Rab29,f
Rab31,b
Rab32,a
Rab33a,e
Rab34,d
Rab35,b
Rab36,d
Rab3a,e
Rab3il1,a
Rab3ip,a
Rab40b,f
Rab40c,b
Rab42,f
Rab43,a
Rab4a,e
Rab4b,f
Rab5b,b
Rab7b,e
Rab8b,a
Rabac1,e
Rabep1,f
Rabep2,e
Rabepk,e
Rabgap1l,f
Rabggta,c
Rabggtb,e
Rac2,a
Racgap1,b
Rad1,f
Rad18,a
Rad21,a
Rad23b,b
Rad50,e
Rad51,a
Rad51ap1,a
Rad51ap2,f
Rad54b,a
Rad54l,a
Raet1e,c
Rai1,a
Rai14,b
Rala,f
Ralbp1,f
Ralgapa1,f
Ralgapa2,a
Ralgps2,b
Ralyl,a
Ramp1,f
Ramp2,f
Ranbp2,b
Rangap1,b
Rangrf,d
Rap1a,b
Rap1gap2,a
Rap2a,a
Rap2c,a
Rapgef2,f
Rapgef3,d
Rapgef5,a
Rara,b
Rarb,a
Rarg,a
Rarres1,c
Rarres2,e
Rasa1,f
Rasa2,f
Rasa3,c
Rasd1,e
Rasef,a
Rasgef1b,e
Rasgrf2,c
Rasgrp1,d
Rasgrp2,a
Rasgrp3,a
Rasgrp4,c
Rasl10b,d
Rasl11a,c
Rasl11b,c
Rasl12,d
Rassf1,e
Rassf10,c
Rassf3,f
Rassf4,a
Rassf5,a
Rassf9,a
Raver1,c
Raver2,e
Rb1,a
Rbbp5,c
Rbbp6,f
Rbbp8,a
Rbbp9,f
Rbfox1,e
Rbfox2,a
Rbfox3,e
Rbks,f
Rbl1,b
Rbl2,e
Rbm10,c
Rbm12,b
Rbm12b1,e
Rbm14,c
Rbm15,a
Rbm19,c
Rbm25,f
Rbm28,e
Rbm38,b
Rbm43,f
Rbm44,f
Rbm46,f
Rbm5,f
Rbms2,e
Rbmxl1,b
Rbp4,a
Rbpj,b
Rbpms2,e
Rcan2,a
Rcbtb1,b
Rcc1,b
Rcc2,c
Rchy1,f
Rcn2,e
Rcn3,e
Rcor1,e
Rcor2,c
Rcor3,f
Rdh10,e
Rdh13,f
Rdh14,f
Rdh9,f
Rdm1,e
Rec8,c
Recql4,b
Reep1,d
Reep3,a
Reep6,c
Rela,c
Rell1,b
Rell2,c
Relt,a
Rem1,c
Rem2,a
Ren1,a
Renbp,f
Repin1,b
Reps2,a
Rere,c
Rerg,a
Resp18,a
Ret,a
Rev1,b
Rexo1,b
Rfc4,a
Rfc5,a
Rffl,b
Rftn1,a
Rfwd3,b
Rfx1,c
Rfx5,b
Rfx8,c
Rgl2,b
Rgma,b
Rgs18,a
Rgs2,d
Rgs22,a
Rgs4,a
Rgs5,a
Rgs6,f
Rgs7bp,a
Rhag,a
Rhbdd1,a
Rhbdd2,c
Rhbdd3,c
Rhbdf1,b
Rhd,a
Rheb,f
Rho,a
Rhobtb1,b
Rhobtb2,b
Rhobtb3,a
Rhoc,e
Rhof,b
Rhoj,f
Rhoq,f
Rhot2,c
Rhou,e
Rhox1,f
Rhox13,f
Rhox2a,f
Rhox7a,f
Rhox8,d
Rhox9,e
Rhpn1,a
Rhpn2,a
Rilp,d
Rilpl2,e
Rimkla,a
Rimklb,a
Rin3,c
Ring1,c
Ripk4,a
Rit1,e
Rmdn1,e
Rmi2,b
Rmnd5b,f
Rnase1,f
Rnase12,d
Rnasel,e
Rnd2,f
Rnd3,a
Rnf10,b
Rnf111,b
Rnf113a1,e
Rnf123,b
Rnf126,b
Rnf130,f
Rnf135,e
Rnf139,f
Rnf141,a
Rnf144a,c
Rnf144b,e
Rnf145,b
Rnf149,f
Rnf150,a
Rnf157,c
Rnf166,e
Rnf17,f
Rnf180,f
Rnf182,f
Rnf19a,a
Rnf19b,a
Rnf20,f
Rnf216,b
Rnf217,f
Rnf220,f
Rnf222,e
Rnf24,b
Rnf25,f
Rnf26,b
Rnf31,c
Rnf34,e
Rnf38,a
Rnf40,b
Rnf43,d
Rnf44,b
Rnf6,f
Rnft2,c
Rnpep,b
Robo1,a
Robo2,b
Robo4,f
Rock2,f
Rogdi,e
Romo1,f
Ror1,a
Ror2,a
Rorc,f
Rp9,d
Rpa1,b
Rpain,f
Rpap1,c
Rpl10a,d
Rpl10l,f
Rpl13,d
Rpl15,d
Rpl17,d
Rpl18a,d
Rpl19,d
Rpl22l1,e
Rpl23,e
Rpl23a,e
Rpl24,d
Rpl28,e
Rpl3,d
Rpl34,d
Rpl35,e
Rpl35a,d
Rpl36,d
Rpl36a,d
Rpl37,d
Rpl37a,d
Rpl38,d
Rpl39,d
Rpl41,d
Rpl5,b
Rpl6,d
Rpl9,d
Rpp14,f
Rpp21,f
Rpp38,f
Rprd1b,c
Rprd2,a
Rprm,a
Rps11,e
Rps15a,d
Rps17,d
Rps19,d
Rps19bp1,f
Rps20,e
Rps21,d
Rps26,d
Rps27,e
Rps27a,d
Rps27l,f
Rps28,d
Rps29,e
Rps3,e
Rps5,d
Rps6ka1,a
Rps6ka2,b
Rps6ka3,b
Rps6ka4,c
Rps6ka6,b
Rps6kb2,c
Rps6kl1,a
Rps7,d
Rps9,d
Rptor,c
Rpusd1,d
Rpusd2,a
Rrad,e
Rraga,e
Rragb,e
Rragc,f
Rreb1,a
Rrm1,b
Rrm2,a
Rrp12,b
Rrp36,e
Rrs1,b
Rsf1,f
Rsph1,d
Rsph4a,e
Rsph9,e
Rspo3,a
Rsu1,e
Rtel1,c
Rtkn,c
Rtn1,b
Rtp4,f
Rufy4,c
Rundc3b,f
Runx1t1,a
Rusc1,c
Rusc2,b
Rwdd3,f
Rxrb,c
Rybp,f
Ryk,f
Ryr2,e
S100a1,f
S100a10,e
S100a11,d
S100a13,f
S100a16,e
S100a6,f
S100a8,f
S100b,e
S100pbp,b
S1pr1,e
S1pr2,c
S1pr3,a
Sac3d1,e
Sacm1l,f
Sacs,e
Safb,b
Safb2,e
Sall2,b
Sall3,c
Sall4,a
Samd11,a
Samd12,f
Samd14,b
Samd15,e
Samd4,a
Samd9l,f
Samsn1,a
Sap130,c
Sapcd2,a
Sar1b,f
Saraf,e
Sarm1,b
Sart3,b
Sash3,a
Sass6,a
Sat2,e
Satb1,f
Sav1,f
Saysd1,e
Sbf1,b
Sbf2,f
Sbk1,b
Sbno2,b
Sbsn,e
Sbspon,e
Scaf1,b
Scaf4,c
Scaf8,c
Scamp2,e
Scamp3,e
Scamp5,b
Scap,c
Scaper,e
Scarb1,c
Scarb2,a
Scd1,f
Scd2,b
Scfd1,f
Scg3,a
Scg5,a
Scly,b
Scml2,e
Scn3b,b
Scnn1a,c
Sco2,d
Scp2,e
Scpep1,f
Scrib,b
Scrn1,a
Scrn2,d
Scrt2,b
Sct,a
Scube1,b
Scube2,e
Scube3,b
Sdad1,b
Sdc1,c
Sdc3,a
Sdc4,f
Sdccag8,f
Sdf2,e
Sdf4,f
Sdha,e
Sdhaf2,e
Sdhaf3,f
Sdhaf4,e
Sdhb,f
Sdhc,d
Sdhd,e
Sdk2,b
Sdr39u1,d
Sdr42e1,e
Sdsl,e
Sec11a,f
Sec14l1,b
Sec16a,b
Sec16b,c
Sec22a,e
Sec24b,c
Sec24c,b
Sec31a,c
Sec61a1,c
Sec63,f
Secisbp2l,f
Seh1l,a
Sel1l3,a
Selenbp1,c
Selplg,a
Sema3a,e
Sema3b,c
Sema3c,a
Sema3e,a
Sema3f,d
Sema3g,c
Sema4b,f
Sema4c,b
Sema4d,b
Sema4f,b
Sema5a,c
Senp3,b
Senp5,b
Senp6,f
Senp8,f
Sephs1,a
Sephs2,a
Serac1,b
Serf1,e
Sergef,d
Serhl,e
Serinc2,a
Serinc5,b
Serp1,a
Serpina1b,a
Serpina3a,e
Serpina3g,f
Serpinb1a,f
Serpinb1b,b
Serpinb8,f
Serpinb9,e
Serpine2,a
Serpine3,f
Serpinf1,d
Serpinf2,a
Serping1,d
Serpini1,f
Sertad1,d
Sertad3,e
Sesn1,e
Sesn2,c
Set,f
Setd1a,b
Setd1b,f
Setd3,f
Setd5,c
Setd7,a
Setmar,e
Setx,e
Sez6l2,b
Sf1,b
Sf3a1,c
Sf3a2,b
Sf3b1,f
Sf3b3,c
Sf3b4,b
Sf3b5,e
Sf3b6,e
Sfn,a
Sfrp1,a
Sfrp2,a
Sfrp4,a
Sfrp5,a
Sfswap,f
Sft2d1,f
Sftpc,a
Sfxn2,c
Sfxn3,d
Sgcb,f
Sgce,f
Sgip1,a
Sgk1,a
Sgms1,a
Sgms2,f
Sgpp1,f
Sgpp2,a
Sgsm1,b
Sgsm3,b
Sgta,c
Sh2b1,b
Sh2b2,b
Sh2b3,b
Sh2d4a,e
Sh2d5,a
Sh2d7,f
Sh3bgr,f
Sh3bgrl2,c
Sh3bgrl3,e
Sh3bp1,c
Sh3bp2,c
Sh3bp4,b
Sh3bp5,e
Sh3bp5l,b
Sh3d21,e
Sh3gl1,c
Sh3gl3,a
Sh3glb1,a
Sh3kbp1,b
Sh3pxd2a,b
Sh3pxd2b,b
Sh3rf1,a
Sh3tc1,c
Sh3tc2,b
Sh3yl1,a
Shank2,b
Shb,f
Shbg,e
Shc1,b
Shc2,b
Shc4,f
Shcbp1,a
Shd,b
Shh,a
Shisa2,c
Shisa3,a
Shisa6,f
Shisa9,e
Shkbp1,b
Shmt1,c
Shmt2,c
Shox2,a
Shroom1,d
Shroom3,b
Shroom4,b
Shtn1,e
Siae,f
Siah1a,f
Siah1b,f
Siglecf,b
Siglecg,b
Sik1,a
Sik2,c
Sil1,e
Sin3a,b
Sin3b,d
Sipa1,c
Sipa1l1,b
Sipa1l3,b
Sirpa,a
Sirt3,f
Sirt4,f
Sirt5,f
Sirt7,f
Six4,a
Ska1,a
Ska3,a
Skap2,a
Skida1,a
Skil,a
Skiv2l,b
Skp2,c
Sla,a
Slain2,b
Slc10a3,e
Slc10a4,a
Slc11a1,a
Slc11a2,b
Slc12a4,b
Slc12a6,f
Slc12a7,c
Slc12a9,b
Slc14a1,a
Slc15a1,b
Slc16a10,c
Slc16a12,a
Slc16a2,b
Slc16a3,c
Slc16a4,f
Slc16a5,c
Slc16a6,a
Slc16a7,a
Slc17a4,a
Slc18a1,a
Slc18a2,a
Slc18b1,e
Slc19a2,e
Slc19a3,d
Slc1a4,b
Slc1a5,b
Slc20a1,a
Slc20a2,b
Slc22a17,b
Slc22a21,e
Slc22a3,a
Slc22a4,a
Slc23a1,a
Slc24a5,f
Slc25a10,c
Slc25a11,d
Slc25a13,c
Slc25a14,e
Slc25a15,b
Slc25a16,b
Slc25a17,e
Slc25a18,e
Slc25a22,c
Slc25a24,b
Slc25a25,b
Slc25a26,e
Slc25a31,f
Slc25a32,d
Slc25a33,e
Slc25a34,c
Slc25a35,f
Slc25a37,a
Slc25a39,c
Slc25a42,c
Slc25a43,e
Slc25a45,f
Slc26a7,f
Slc27a3,c
Slc27a4,b
Slc29a4,a
Slc2a10,b
Slc2a3,a
Slc2a4,b
Slc2a8,c
Slc30a10,a
Slc30a2,e
Slc30a4,f
Slc30a5,b
Slc31a2,e
Slc35a5,f
Slc35c1,b
Slc35d2,c
Slc35d3,a
Slc35e4,b
Slc35f1,f
Slc35f2,e
Slc35f5,e
Slc35g1,e
Slc37a2,e
Slc38a1,c
Slc38a10,c
Slc38a2,c
Slc38a3,c
Slc38a4,b
Slc38a5,a
Slc38a7,b
Slc38a9,f
Slc39a11,d
Slc39a3,b
Slc39a7,c
Slc39a8,a
Slc40a1,f
Slc41a1,c
Slc41a2,d
Slc41a3,d
Slc43a1,a
Slc44a2,c
Slc44a3,f
Slc45a3,b
Slc45a4,e
Slc46a3,f
Slc47a2,a
Slc4a1,a
Slc4a2,b
Slc4a3,b
Slc4a4,f
Slc4a8,c
Slc50a1,e
Slc52a2,c
Slc52a3,c
Slc5a3,a
Slc5a4a,e
Slc5a6,c
Slc6a13,e
Slc6a14,e
Slc6a15,a
Slc6a6,b
Slc6a8,f
Slc6a9,b
Slc7a11,c
Slc7a2,c
Slc7a4,e
Slc7a6,b
Slc7a8,b
Slc7a9,b
Slc9a3r1,b
Slc9a3r2,c
Slc9a6,a
Slc9a8,b
Slc9a9,a
Slc9b2,c
Slco1a4,f
Slco1a5,f
Slco2b1,a
Slco3a1,e
Slfn14,a
Slfn2,a
Slfn9,a
Slirp,f
Slit2,b
Slit3,a
Slitrk1,b
Slitrk4,a
Slitrk6,a
Slu7,f
Slx1b,e
Slx4,c
Smad4,f
Smad5,b
Smad9,a
Smagp,f
Smap2,f
Smarca2,f
Smarca5,a
Smarcc1,b
Smarcc2,b
Smarcd1,b
Smarcd2,b
Smc1b,f
Smc2,a
Smc3,f
Smc4,a
Smchd1,c
Smco4,e
Smcp,a
Smcr8,b
Smg5,b
Smg6,b
Smim1,f
Smim10l1,a
Smim10l2a,c
Smim11,e
Smim13,a
Smim14,e
Smim20,e
Smim22,f
Smim24,e
Smim5,a
Smim8,f
Smo,c
Smoc1,c
Smoc2,a
Smox,b
Smpd2,d
Smpd3,a
Smpd4,c
Smpd5,d
Smpdl3a,f
Smpdl3b,d
Smpx,e
Smtn,b
Smtnl1,d
Smug1,a
Smurf2,f
Smyd2,d
Smyd3,e
Smyd5,c
Snai1,b
Snap25,a
Snap91,a
Snapc1,f
Snapc2,d
Snapc4,b
Snapc5,f
Snapin,f
Snca,a
Snd1,b
Sned1,c
Snhg11,a
Snip1,e
Snn,c
Snrk,e
Snrnp200,c
Snrnp25,f
Snrnp27,f
Snrnp70,c
Snrpb2,f
Snrpd2,e
Snrpg,d
Snta1,b
Sntb1,c
Snupn,f
Snx10,b
Snx16,f
Snx18,b
Snx21,c
Snx22,a
Snx24,a
Snx3,f
Snx30,b
Snx31,e
Snx8,c
Snx9,b
Sobp,f
Socs2,f
Socs4,a
Sod1,a
Sod3,e
Soga1,a
Soga3,a
Sorbs1,a
Sorbs2,f
Sorbs3,b
Sorcs1,a
Sorl1,b
Sort1,a
Sos2,f
Sostdc1,f
Sowahb,a
Sowahc,c
Sox11,a
Sox15,f
Sox5,e
Sox6,b
Sox8,c
Sox9,a
Sp1,a
Sp110,a
Sp140,a
Sp2,b
Sp3,b
Sp4,b
Sp5,d
Sp9,a
Spa17,f
Spag5,a
Spag7,e
Sparc,f
Spata1,f
Spata13,a
Spata2,c
Spata21,e
Spata22,f
Spata24,f
Spata33,f
Spata5,f
Spata5l1,c
Spata6,b
Spats1,e
Spats2,b
Spats2l,f
Spc24,a
Spc25,a
Spcs1,f
Spcs3,a
Spdl1,a
Spdya,f
Specc1,a
Specc1l,c
Speer4a,e
Speer4c,c
Speer4d,b
Spef1,e
Spef2,f
Spen,b
Spg11,b
Spg20,b
Sphk2,c
Sphkap,b
Spi1,a
Spidr,c
Spin2c,f
Spink4,f
Spint1,a
Spint2,e
Spire1,f
Spns1,c
Spo11,f
Spock1,a
Spock2,b
Spock3,a
Spon1,a
Spon2,a
Spopl,a
Spp1,b
Sppl2b,c
Sppl3,f
Spr,d
Spred2,b
Sprr1a,d
Sprr2a1,b
Sprr2a2,b
Sprr2a3,a
Sprr2d,b
Sprr2e,a
Sprr2f,a
Sprtn,c
Spry1,a
Spry2,f
Spry4,a
Spryd4,f
Spryd7,f
Spsb1,f
Spsb4,c
Spta1,a
Sptb,a
Sptbn1,f
Sptlc2,e
Sptssa,f
Sptssb,a
Sqle,a
Sra1,f
Src,c
Srcap,b
Srebf1,c
Srebf2,b
Srek1,f
Srek1ip1,f
Srgap3,e
Sri,f
Srp14,f
Srp72,f
Srp9,f
Srpk2,f
Srpx,c
Srpx2,d
Srrm4,a
Srrt,b
Srsf1,a
Srsf11,f
Srsf12,e
Srsf2,a
Srsf5,e
Srsf7,a
Ss18,b
Ssbp2,a
Ssc4d,d
Ssc5d,c
Ssh1,b
Ssh2,a
Ssna1,e
Ssr4,f
Sstr3,c
Sstr4,b
Ssu72,e
Ssx2ip,a
St14,a
St3gal2,a
St3gal4,b
St3gal5,b
St6gal1,b
St6galnac2,c
St6galnac4,d
St6galnac6,b
St8sia1,c
St8sia2,a
St8sia3,a
St8sia4,a
Stab1,a
Stac,a
Stag3,f
Stam,b
Stambp,f
Star,a
Stard4,a
Stard5,e
Stard6,f
Stard8,a
Stat1,f
Stat2,c
Stat6,c
Stau2,f
Stbd1,b
Stc1,e
Stc2,a
Steap1,a
Steap2,b
Steap3,c
Stfa1,f
Stil,a
Stim1,c
Stim2,a
Stk10,b
Stk11,b
Stk11ip,c
Stk19,e
Stk3,f
Stk31,f
Stk32c,c
Stk33,f
Stk35,a
Stk36,c
Stk38l,f
Stk39,f
Stmn2,a
Stmn3,a
Stmn4,a
Stom,f
Stoml1,e
Ston1,b
Ston2,a
Stox1,e
Stox2,a
Stra8,f
Strip1,b
Strn,a
Strn3,f
Strn4,b
Stt3b,b
Stub1,d
Stx11,d
Stx16,a
Stx17,d
Stx2,a
Stx3,a
Stx4a,b
Stxbp1,e
Stxbp3,f
Stxbp6,e
Styxl1,f
Sub1,f
Sucla2,f
Sufu,c
Sugct,f
Sugp2,c
Sulf2,a
Sult1a1,f
Sult1c2,e
Sult2b1,e
Sult4a1,a
Sult5a1,d
Sumf1,f
Sun2,b
Supt5,c
Supt6,b
Surf1,f
Surf2,e
Surf4,a
Surf6,b
Susd1,c
Susd2,e
Susd3,d
Suv39h1,b
Suv39h2,b
Sv2a,b
Sv2b,e
Svep1,a
Svopl,c
Svs5,f
Svs6,f
Swap70,e
Swt1,f
Sybu,d
Syce1,f
Syce2,f
Syce3,f
Sycp1,f
Sycp2,f
Sycp3,f
Syde1,c
Syf2,e
Syk,b
Sympk,b
Syn2,a
Syncrip,b
Syne2,e
Syne4,b
Syngr1,e
Syngr2,e
Syngr3,a
Syngr4,f
Synj2,b
Synpo,a
Synpr,f
Synrg,f
Syp,a
Sypl,d
Sys1,e
Syt1,a
Syt11,a
Syt13,c
Syt14,a
Syt2,d
Syt4,a
Syt5,c
Syt6,b
Sytl2,a
Sytl4,d
Syvn1,b
Szrd1,a
Tab3,f
Tacc1,a
Tacc2,c
Tacc3,a
Tada1,e
Tada2b,f
Taf15,c
Taf1b,f
Taf1c,c
Taf3,f
Taf4b,f
Taf5l,b
Taf6,c
Taf7,f
Tagap1,f
Tagln,a
Tagln2,a
Tagln3,a
Tal1,a
Tanc1,b
Tanc2,f
Tango2,a
Tango6,c
Tank,f
Taok2,b
Tap1,e
Tapbp,f
Tapbpl,e
Tapt1,f
Tarbp2,c
Tardbp,a
Tarsl2,e
Tasp1,f
Tatdn1,f
Tatdn3,e
Tax1bp3,e
Tbata,e
Tbc1d1,b
Tbc1d10c,e
Tbc1d12,f
Tbc1d16,c
Tbc1d17,c
Tbc1d20,b
Tbc1d22a,c
Tbc1d22b,b
Tbc1d24,c
Tbc1d2b,b
Tbc1d4,c
Tbc1d8,c
Tbc1d9,b
Tbc1d9b,c
Tbca,e
Tbcb,f
Tbcc,f
Tbck,f
Tbkbp1,b
Tbl1xr1,a
Tbl2,b
Tbp,f
Tbrg4,c
Tbx1,a
Tbx18,a
Tbx20,a
Tbx3,a
Tbxa2r,c
Tbxas1,a
Tc2n,f
Tcaf1,c
Tcaim,f
Tcea2,f
Tcea3,f
Tceal1,e
Tceal3,d
Tceal6,e
Tceal8,e
Tceanc2,f
Tcerg1,c
Tcf12,e
Tcf19,c
Tcf20,f
Tcf23,d
Tcf3,b
Tcf4,e
Tcf7,e
Tcf7l1,f
Tchh,f
Tcirg1,c
Tcn2,e
Tcof1,b
Tcp11,b
Tcta,e
Tcte1,f
Tctn1,c
Tctn2,d
Tdh,c
Tdp2,f
Tdrd12,f
Tdrd3,b
Tdrd5,f
Tdrd7,f
Tdrp,d
Tead2,b
Tead3,b
Tec,a
Tecpr1,c
Tecr,e
Tefm,f
Tek,a
Tekt1,c
Tekt2,d
Tekt3,a
Telo2,c
Tenm4,b
Terf2ip,e
Tet1,c
Tet3,a
Tex101,f
Tex11,f
Tex12,f
Tex14,f
Tex15,e
Tex16,f
Tex264,f
Tex30,f
Tex9,f
Tfap2b,a
Tfap2c,a
Tfap4,c
Tfcp2l1,f
Tfdp1,b
Tfe3,b
Tfec,a
Tfip11,c
Tfpi,e
Tfpt,f
Tgds,f
Tgfa,b
Tgfb1,a
Tgfb1i1,e
Tgfb2,a
Tgfbr1,a
Tgfbr2,a
Tgfbr3,b
Tgfbr3l,e
Tgif2,c
Tgm1,a
Tgm2,e
Tgm3,a
Tgm5,a
Tgtp1,f
Th,a
Thap3,e
Thap7,e
Thbd,a
Thbs2,e
Thbs3,a
Them7,e
Themis2,a
Thnsl1,f
Thnsl2,d
Thoc2,f
Thoc3,e
Thop1,c
Thra,e
Thrap3,b
Thrsp,e
Thsd4,a
Thsd7a,a
Thsd7b,c
Thyn1,e
Tiam1,c
Tiam2,c
Ticam1,c
Ticam2,a
Ticrr,b
Tifa,f
Tifab,a
Tigar,e
Tigd2,f
Timeless,c
Timm10,d
Timm10b,e
Timm13,e
Timm17a,f
Timm21,e
Timm22,e
Timm23,f
Timm44,e
Timm8b,e
Timp1,e
Timp2,f
Timp3,e
Timp4,f
Tinagl1,a
Tiparp,f
Tjap1,c
Tjp1,f
Tjp3,a
Tk1,a
Tkt,c
Tktl1,f
Tlcd2,f
Tle2,b
Tle3,b
Tle6,e
Tlk1,f
Tln1,b
Tln2,a
Tlr13,a
Tlr3,f
Tlr4,a
Tlr7,a
Tlx2,a
Tm2d1,f
Tm2d2,f
Tm2d3,f
Tm4sf1,f
Tm4sf4,a
Tm4sf5,f
Tm7sf3,e
Tm9sf3,a
Tma7,f
Tmbim4,f
Tmc1,d
Tmc4,f
Tmc6,c
Tmc7,b
Tmc8,a
Tmcc1,f
Tmcc2,a
Tmcc3,a
Tmco1,f
Tmco3,f
Tmed3,e
Tmed4,f
Tmed9,f
Tmeff2,a
Tmem102,f
Tmem104,b
Tmem106a,f
Tmem106c,e
Tmem108,a
Tmem11,e
Tmem114,e
Tmem117,e
Tmem119,a
Tmem123,a
Tmem126a,f
Tmem126b,f
Tmem127,b
Tmem128,f
Tmem130,d
Tmem132a,b
Tmem132c,f
Tmem135,f
Tmem138,e
Tmem141,e
Tmem147,f
Tmem14a,f
Tmem150c,d
Tmem158,b
Tmem159,f
Tmem160,d
Tmem161a,c
Tmem161b,c
Tmem164,b
Tmem165,f
Tmem17,f
Tmem170,a
Tmem170b,a
Tmem176a,e
Tmem176b,f
Tmem178,f
Tmem179b,f
Tmem184b,b
Tmem192,f
Tmem199,f
Tmem200a,a
Tmem201,c
Tmem203,f
Tmem205,e
Tmem208,e
Tmem214,b
Tmem215,c
Tmem216,e
Tmem218,f
Tmem219,e
Tmem220,e
Tmem223,f
Tmem230,e
Tmem234,f
Tmem237,f
Tmem238,d
Tmem241,f
Tmem242,f
Tmem245,b
Tmem248,b
Tmem25,b
Tmem256,d
Tmem258,f
Tmem26,a
Tmem263,f
Tmem265,a
Tmem30a,a
Tmem30b,a
Tmem38b,e
Tmem41a,e
Tmem42,f
Tmem45a,f
Tmem47,a
Tmem50a,e
Tmem51,d
Tmem53,e
Tmem59,f
Tmem59l,a
Tmem60,f
Tmem63a,b
Tmem63b,b
Tmem70,e
Tmem74,e
Tmem74b,d
Tmem86a,e
Tmem86b,a
Tmem87a,e
Tmem88,c
Tmem8b,e
Tmem9,e
Tmem9b,f
Tmie,e
Tmod1,a
Tmod3,a
Tmpo,a
Tmppe,c
Tmprss13,f
Tmprss2,a
Tmsb15b1,e
Tmsb15b2,f
Tmsb15l,f
Tmsb4x,f
Tmtc2,a
Tmub1,f
Tmx2,f
Tnc,a
Tnfaip3,a
Tnfaip6,a
Tnfaip8l1,b
Tnfaip8l2,a
Tnfrsf10b,b
Tnfrsf11a,a
Tnfrsf18,e
Tnfrsf19,d
Tnfrsf1b,a
Tnfrsf21,b
Tnfsf12,e
Tnfsf13,f
Tnik,e
Tnip1,e
Tnip2,e
Tnk1,a
Tnk2,a
Tnks,a
Tnks1bp1,b
Tnks2,f
Tnmd,a
Tnni1,e
Tnni2,a
Tnni3,e
Tnnt1,d
Tnpo1,b
Tnpo2,b
Tnrc18,a
Tnrc6b,a
Tnrc6c,a
Tns1,b
Tns2,c
Tns3,b
Tns4,c
Tob2,c
Tom1l2,b
Tomm20,e
Tomm40,c
Tomm40l,e
Tomm5,e
Tonsl,b
Top1mt,e
Top2a,a
Tor3a,e
Tox,a
Tox2,a
Tox3,b
Tox4,b
Tpbg,b
Tpcn1,b
Tpd52l1,f
Tpgs1,d
Tpgs2,f
Tph2,b
Tpm2,b
Tpm3,f
Tpm4,a
Tpmt,f
Tpp1,e
Tprkb,e
Tprn,c
Tpsb2,f
Tpst2,d
Tpx2,a
Trabd,c
Trabd2b,b
Traf1,e
Traf3ip1,f
Traf3ip2,d
Traf3ip3,a
Traf4,c
Traf6,a
Trafd1,b
Traip,b
Trak2,b
Tram1,a
Tram2,b
Trank1,e
Trap1a,f
Trappc2,f
Trappc2l,f
Trappc4,f
Trappc6a,e
Trappc6b,f
Trappc8,f
Trappc9,c
Trem2,a
Trerf1,c
Trex1,f
Trf,a
Trib1,a
Trib2,b
Trib3,a
Tril,a
Trim10,a
Trim12a,f
Trim12c,f
Trim13,e
Trim14,e
Trim16,c
Trim21,e
Trim27,c
Trim32,c
Trim34a,f
Trim47,b
Trim50,e
Trim58,a
Trim59,a
Trim6,b
Trim62,b
Trim66,e
Trim7,d
Trim71,a
Trim80,d
Trim9,c
Trio,f
Triobp,b
Trip12,a
Trip13,c
Triqk,f
Trit1,e
Trmt10b,f
Trmt112,e
Trmt12,f
Trmt61a,c
Tro,c
Troap,b
Trp53bp1,b
Trp53bp2,b
Trp53inp2,a
Trpc4ap,b
Trpc5,d
Trpc7,a
Trpm4,c
Trpm5,d
Trps1,b
Trpv2,a
Trpv4,c
Trub1,d
Tsacc,f
Tsc1,b
Tsc2,b
Tsc22d1,f
Tsc22d3,e
Tsfm,e
Tsga10,f
Tshr,c
Tshz1,f
Tshz3,a
Tsku,b
Tspan1,f
Tspan13,b
Tspan14,b
Tspan15,b
Tspan17,f
Tspan18,d
Tspan2,b
Tspan32,f
Tspan33,a
Tspan6,e
Tspan7,e
Tspan9,b
Tspo,e
Tspyl1,a
Tspyl2,f
Tspyl4,b
Tspyl5,b
Tsr3,e
Tssk6,c
Tst,e
Ttbk2,a
Ttc12,f
Ttc13,b
Ttc19,f
Ttc21b,d
Ttc22,c
Ttc28,b
Ttc3,f
Ttc30a2,d
Ttc32,e
Ttc38,c
Ttc39a,c
Ttc39b,f
Ttc39c,e
Ttc7,b
Ttc7b,f
Ttc8,d
Ttf1,f
Ttf2,b
Ttk,a
Ttl,c
Ttll1,e
Ttll10,e
Ttll4,c
Ttpa,f
Ttpal,b
Ttyh1,e
Ttyh2,e
Ttyh3,b
Tuba1c,d
Tuba3a,f
Tuba3b,f
Tubb1,a
Tubb3,a
Tubb4a,c
Tubb6,a
Tubg2,d
Tubgcp3,b
Tubgcp6,c
Tuft1,f
Tug1,a
Tulp1,d
Tusc3,e
Tvp23a,c
Tvp23b,f
Twist2,a
Txk,d
Txlna,c
Txlng,f
Txndc11,b
Txndc17,d
Txndc2,b
Txndc5,b
Txndc9,f
Txnip,e
Txnrd1,b
Txnrd2,b
Txnrd3,c
Tyk2,b
Tyro3,b
Tyrobp,a
Tysnd1,c
Tyw3,f
U2af1l4,f
U2af2,b
Uaca,b
Uap1l1,e
Uba52,d
Uba7,f
Ubac1,a
Ubald1,a
Ubald2,b
Ubap2,b
Ubap2l,b
Ubb,f
Ube2c,b
Ube2d1,f
Ube2e3,a
Ube2l6,f
Ube2m,f
Ube2q1,f
Ube2ql1,d
Ube2s,a
Ube2t,f
Ube2z,f
Ube3a,e
Ube3b,b
Ube4b,c
Ubfd1,b
Ubiad1,b
Ubl3,b
Ubl5,e
Ubox5,b
Ubqln1,b
Ubqln2,b
Ubqln4,b
Ubr5,f
Ubtd1,b
Ubxn11,e
Ubxn4,f
Ubxn7,b
Uck1,f
Uck2,c
Ufc1,f
Ufl1,f
Ugcg,f
Ugt1a7c,a
Ugt2b34,a
Ugt2b36,b
Ugt8a,f
Uhmk1,b
Uhrf1,c
Uhrf1bp1,b
Uhrf1bp1l,b
Uimc1,f
Ulk4,c
Unc119b,b
Unc13b,e
Unc13d,c
Unc45a,c
Unc50,f
Unc5b,a
Unc5c,a
Unc93b1,b
Ung,c
Unk,b
Unkl,c
Upf3a,e
Upf3b,f
Upk1a,a
Upk1b,f
Upk3b,f
Uqcc2,f
Uqcc3,e
Uqcr10,e
Uqcr11,e
Uqcrb,e
Uqcrc1,f
Uqcrh,e
Uqcrq,f
Urb2,c
Urgcp,c
Use1,e
Ush1c,a
Usp12,a
Usp15,a
Usp18,f
Usp19,c
Usp20,c
Usp21,c
Usp29,b
Usp31,f
Usp35,a
Usp36,b
Usp38,c
Usp40,e
Usp45,b
Usp46,c
Usp47,b
Usp48,e
Usp49,a
Usp5,c
Usp51,e
Usp54,c
Usp6nl,c
Ust,a
Utf1,b
Utp14b,c
Utrn,c
Uvrag,b
Uxs1,d
Vamp2,b
Vamp5,f
Vamp8,f
Vangl2,b
Vapa,a
Vars,b
Vars2,c
Vash1,a
Vash2,c
Vasn,c
Vasp,b
Vat1,c
Vat1l,a
Vav1,a
Vav2,c
Vav3,a
Vcam1,a
Vcan,a
Vdac3,e
Vdr,d
Vegfb,e
Vgll2,c
Vgll3,a
Vgll4,e
Vil1,a
Vkorc1,f
Vldlr,a
Vmac,e
Vmn1r32,b
Vmn1r35,b
Vmn2r5,b
Vmp1,f
Vnn1,f
Vopp1,b
Vps13d,e
Vps18,c
Vps28,f
Vps33a,b
Vps33b,e
Vps36,f
Vps37b,b
Vps37c,b
Vps41,e
Vps51,c
Vps52,c
Vps54,f
Vrk1,a
Vsig1,f
Vsig10,c
Vsig10l,c
Vsnl1,d
Vstm4,e
Vtn,a
Vwa1,b
Vwa2,a
Vwa5a,e
Was,a
Wasf2,a
Wasf3,a
Wbp11,a
Wbp1l,b
Wbp2,b
Wbp4,f
Wdfy1,f
Wdfy2,c
Wdhd1,b
Wdr19,d
Wdr25,c
Wdr37,a
Wdr4,b
Wdr44,e
Wdr46,c
Wdr47,e
Wdr53,f
Wdr59,c
Wdr6,c
Wdr61,f
Wdr62,b
Wdr7,c
Wdr72,c
Wdr74,e
Wdr77,c
Wdr81,b
Wdr82,d
Wdr83,e
Wdr83os,e
Wdr90,b
Wdr93,f
Wdsub1,e
Wdtc1,b
Wdyhv1,e
Wee1,b
Wfdc1,e
Wfdc10,f
Wfdc13,a
Wfdc17,a
Wfdc6a,e
Wif1,c
Wipf1,b
Wipf2,b
Wipi2,b
Wiz,c
Wls,e
Wnk3,c
Wnk4,b
Wnt10a,c
Wnt2,a
Wnt2b,d
Wnt4,d
Wnt5a,c
Wnt5b,d
Wnt7b,a
Wnt9a,c
Wrap53,c
Wscd2,b
Wt1,c
Wtip,f
Wwc1,a
Wwc2,b
Wwox,f
Wwp2,b
Wwtr1,c
Xaf1,f
Xk,a
Xkr8,e
Xlr,f
Xlr3a,f
Xlr3b,f
Xlr3c,f
Xlr4a,f
Xlr4b,f
Xlr4c,f
Xlr5a,f
Xlr5b,f
Xndc1,c
Xpa,e
Xpnpep3,b
Xpo1,a
Xpo4,b
Xpo5,c
Xpo7,b
Xpot,b
Xrcc1,c
Xrcc3,b
Xrcc4,f
Xylt2,c
Yap1,f
Ybx1,b
Yeats2,c
Yif1a,e
Yipf1,e
Ylpm1,b
Yod1,a
Ypel2,f
Ythdc2,f
Ythdf1,f
Ythdf3,b
Ywhag,c
Zar1,b
Zbed4,b
Zbed6,b
Zbtb12,b
Zbtb16,a
Zbtb18,f
Zbtb2,b
Zbtb20,f
Zbtb26,f
Zbtb4,f
Zbtb40,c
Zbtb42,a
Zbtb44,a
Zbtb46,c
Zbtb7a,b
Zbtb7b,a
Zbtb7c,b
Zbtb8a,d
Zc2hc1c,f
Zc3h10,b
Zc3h11a,f
Zc3h13,f
Zc3h18,b
Zc3h3,b
Zc3h4,b
Zc3h6,f
Zc3h7b,b
Zc3h8,f
Zc3hav1l,b
Zc4h2,a
Zcchc10,f
Zcchc12,a
Zcchc2,f
Zcchc3,c
Zcrb1,f
Zcwpw1,f
Zdhhc16,b
Zdhhc2,b
Zdhhc21,a
Zdhhc24,a
Zdhhc3,c
Zdhhc7,c
Zdhhc8,b
Zeb2,a
Zer1,f
Zfand1,f
Zfand3,b
Zfand6,f
Zfhx2,b
Zfhx3,a
Zfp1,f
Zfp106,b
Zfp108,e
Zfp131,f
Zfp14,e
Zfp142,b
Zfp185,d
Zfp213,c
Zfp219,c
Zfp266,a
Zfp275,b
Zfp276,c
Zfp277,c
Zfp282,c
Zfp286,f
Zfp3,f
Zfp30,f
Zfp316,b
Zfp318,f
Zfp319,b
Zfp324,c
Zfp334,b
Zfp335,b
Zfp341,b
Zfp345,e
Zfp354a,e
Zfp354b,e
Zfp354c,c
Zfp358,c
Zfp362,b
Zfp367,a
Zfp369,c
Zfp36l1,b
Zfp36l2,c
Zfp385a,b
Zfp385b,f
Zfp407,b
Zfp408,e
Zfp414,e
Zfp428,c
Zfp438,e
Zfp442,f
Zfp444,b
Zfp454,e
Zfp459,e
Zfp46,b
Zfp462,b
Zfp467,e
Zfp472,f
Zfp503,e
Zfp51,f
Zfp513,b
Zfp516,b
Zfp518b,b
Zfp526,b
Zfp53,e
Zfp536,a
Zfp54,f
Zfp551,e
Zfp553,c
Zfp568,b
Zfp574,b
Zfp58,f
Zfp592,b
Zfp599,d
Zfp608,a
Zfp61,e
Zfp612,e
Zfp618,c
Zfp626,a
Zfp628,b
Zfp629,c
Zfp637,e
Zfp639,e
Zfp641,e
Zfp646,c
Zfp667,f
Zfp668,c
Zfp672,c
Zfp687,b
Zfp688,d
Zfp692,b
Zfp697,a
Zfp703,b
Zfp711,f
Zfp738,d
Zfp746,f
Zfp763,e
Zfp768,b
Zfp773,f
Zfp78,f
Zfp780b,f
Zfp784,e
Zfp787,b
Zfp791,e
Zfp800,f
Zfp809,f
Zfp82,d
Zfp825,f
Zfp830,e
Zfp846,e
Zfp865,b
Zfp870,e
Zfp871,b
Zfp873,e
Zfp874b,a
Zfp932,f
Zfp934,f
Zfp945,f
Zfp950,f
Zfp958,f
Zfp960,e
Zfp963,e
Zfp97,f
Zfpl1,f
Zfpm2,b
Zfr2,b
Zfyve21,f
Zfyve26,b
Zfyve28,a
Zg16,f
Zhx2,c
Zhx3,e
Zik1,b
Zim1,b
Zkscan17,b
Zkscan4,f
Zmat1,f
Zmat4,a
Zmat5,e
Zmiz1,a
Zmiz2,b
Zmym5,f
Zmym6,f
Znhit3,f
Znrf2,f
Zscan10,e
Zscan20,c
Zscan25,c
Zswim4,b
Zswim7,f
Zswim8,b
Zw10,f
Zxdc,f
Zyg11b,b
Zyx,c
